account_id,person_id,bank_id,account_type,account_status,branch_location_id,opening_date,risk_flag
A0001,P0001,BANK007,Wallet,Active,L007,2025-06-23,High
A0002,P0002,BANK002,Savings,Active,L008,2025-10-04,High
A0003,P0003,BANK007,Savings,Active,L004,2025-07-19,Normal
A0004,P0004,BANK006,Savings,Active,L009,2025-01-26,High
A0005,P0005,BANK002,Wallet,Active,L009,2025-05-07,Normal
A0006,P0006,BANK005,Current,Active,L007,2025-06-11,High
A0007,P0007,BANK004,Current,Active,L010,2025-05-26,High
A0008,P0008,BANK003,Current,Active,L005,2025-05-25,High
A0009,P0009,BANK001,Current,Active,L005,2025-03-08,High
A0010,P0010,BANK007,Savings,Active,L007,2025-01-22,High
A0011,P0011,BANK003,Savings,Active,L001,2025-07-31,Normal
A0012,P0012,BANK004,Current,Active,L007,2025-06-29,Normal
A0013,P0013,BANK006,Savings,Active,L004,2025-03-01,High
A0014,P0014,BANK007,Wallet,Active,L005,2025-04-08,Normal
A0015,P0015,BANK005,Wallet,Active,L009,2025-06-08,High
A0016,P0016,BANK007,Wallet,Active,L009,2025-01-01,High
A0017,P0017,BANK003,Wallet,Active,L010,2025-02-13,High
A0018,P0018,BANK001,Savings,Active,L006,2025-09-01,High
A0019,P0019,BANK002,Current,Active,L010,2025-04-23,High
A0020,P0020,BANK008,Savings,Active,L009,2025-09-01,High
A0021,P0021,BANK005,Current,Active,L005,2025-06-13,High
A0022,P0022,BANK007,Savings,Active,L007,2025-04-16,High
A0023,P0023,BANK008,Savings,Active,L001,2025-05-20,Normal
A0024,P0024,BANK002,Wallet,Active,L007,2025-08-08,High
A0025,P0025,BANK005,Savings,Active,L007,2025-08-29,High
A0026,P0026,BANK003,Savings,Active,L006,2025-03-06,High
A0027,P0027,BANK002,Wallet,Active,L004,2025-01-14,High
A0028,P0028,BANK002,Wallet,Active,L007,2025-01-22,Normal
A0029,P0029,BANK003,Current,Active,L002,2025-04-01,High
A0030,P0030,BANK005,Current,Active,L009,2025-05-05,High
A0031,P0031,BANK006,Current,Active,L006,2025-05-22,High
A0032,P0032,BANK008,Savings,Active,L002,2025-02-17,Normal
A0033,P0033,BANK005,Current,Active,L005,2025-05-09,High
A0034,P0034,BANK005,Savings,Active,L002,2025-07-04,High
A0035,P0035,BANK001,Wallet,Active,L003,2025-05-26,Normal
A0036,P0036,BANK003,Savings,Active,L001,2025-10-16,High
A0037,P0037,BANK001,Wallet,Active,L007,2025-02-20,High
A0038,P0038,BANK008,Wallet,Active,L002,2025-08-29,High
A0039,P0039,BANK004,Wallet,Active,L005,2025-03-18,High
A0040,P0040,BANK008,Current,Active,L005,2025-02-11,High
A0041,P0041,BANK003,Current,Active,L006,2025-09-23,High
A0042,P0042,BANK003,Current,Active,L007,2025-07-30,Normal
A0043,P0043,BANK001,Wallet,Active,L009,2025-10-05,Normal
A0044,P0044,BANK005,Current,Active,L006,2025-09-06,High
A0045,P0045,BANK008,Savings,Active,L004,2025-03-20,High
A0046,P0046,BANK007,Savings,Active,L005,2025-09-18,High
A0047,P0047,BANK003,Current,Active,L007,2025-10-03,Normal
A0048,P0048,BANK004,Current,Active,L009,2025-01-23,High
A0049,P0049,BANK002,Current,Active,L007,2025-02-21,Normal
A0050,P0050,BANK007,Current,Active,L007,2025-09-07,Normal
A0051,P0051,BANK005,Savings,Active,L005,2025-01-24,High
A0052,P0052,BANK002,Wallet,Active,L007,2025-07-15,High
A0053,P0053,BANK008,Current,Active,L010,2025-10-07,High
A0054,P0054,BANK008,Savings,Active,L010,2025-05-02,Normal
A0055,P0055,BANK004,Wallet,Active,L005,2025-06-30,High
A0056,P0056,BANK003,Savings,Active,L003,2025-06-01,High
A0057,P0057,BANK002,Current,Active,L003,2025-02-08,High
A0058,P0058,BANK005,Wallet,Active,L007,2025-07-15,High
A0059,P0059,BANK002,Savings,Active,L001,2025-01-24,High
A0060,P0060,BANK007,Wallet,Active,L004,2025-02-20,High
A0061,P0061,BANK002,Wallet,Active,L005,2025-07-08,Normal
A0062,P0062,BANK006,Savings,Active,L005,2025-03-06,High
A0063,P0063,BANK003,Savings,Active,L009,2025-10-04,Normal
A0064,P0064,BANK005,Savings,Active,L001,2025-03-06,High
A0065,P0065,BANK001,Wallet,Active,L008,2025-09-24,Normal
A0066,P0066,BANK006,Wallet,Active,L001,2025-03-17,Normal
A0067,P0067,BANK004,Current,Active,L010,2025-08-20,High
A0068,P0068,BANK003,Wallet,Active,L007,2025-08-31,Normal
A0069,P0069,BANK002,Current,Active,L007,2025-07-01,High
A0070,P0070,BANK004,Savings,Active,L010,2025-06-29,Normal
A0071,P0071,BANK003,Current,Active,L010,2025-06-08,Normal
A0072,P0072,BANK007,Current,Active,L003,2025-08-21,High
A0073,P0073,BANK008,Wallet,Active,L006,2025-08-06,High
A0074,P0074,BANK001,Savings,Active,L004,2025-07-22,High
A0075,P0075,BANK007,Savings,Active,L004,2025-03-08,High
A0076,P0076,BANK006,Wallet,Active,L009,2025-08-08,High
A0077,P0077,BANK007,Savings,Active,L005,2025-05-05,High
A0078,P0078,BANK004,Current,Active,L007,2025-06-29,High
A0079,P0079,BANK006,Wallet,Active,L004,2025-06-11,High
A0080,P0080,BANK008,Savings,Active,L005,2025-01-30,High
A0081,P0081,BANK003,Savings,Active,L002,2025-08-19,High
A0082,P0082,BANK005,Current,Active,L003,2025-07-29,High
A0083,P0083,BANK003,Current,Active,L006,2025-02-11,High
A0084,P0084,BANK002,Wallet,Active,L005,2025-08-05,Normal
A0085,P0085,BANK005,Savings,Active,L003,2025-09-17,High
A0086,P0086,BANK001,Current,Active,L006,2025-07-06,High
A0087,P0087,BANK008,Current,Active,L008,2025-07-15,High
A0088,P0088,BANK002,Current,Active,L004,2025-02-12,Normal
A0089,P0089,BANK007,Wallet,Active,L003,2025-07-11,Normal
A0090,P0090,BANK003,Wallet,Active,L001,2025-08-29,High
A0091,P0091,BANK004,Current,Active,L001,2025-03-04,Normal
A0092,P0092,BANK003,Current,Active,L010,2025-08-08,High
A0093,P0093,BANK007,Current,Active,L007,2025-01-23,High
A0094,P0094,BANK006,Wallet,Active,L006,2025-06-23,Normal
A0095,P0095,BANK004,Savings,Active,L008,2025-04-13,Normal
A0096,P0096,BANK005,Savings,Active,L007,2025-07-08,High
A0097,P0097,BANK002,Current,Active,L007,2025-04-03,High
A0098,P0098,BANK006,Current,Active,L006,2025-01-22,High
A0099,P0099,BANK008,Savings,Active,L001,2025-03-06,High
A0100,P0100,BANK008,Savings,Active,L006,2025-10-21,High
A0101,P0101,BANK005,Current,Active,L005,2025-08-17,High
A0102,P0102,BANK006,Wallet,Active,L008,2025-06-27,High
A0103,P0103,BANK003,Savings,Active,L005,2025-09-10,High
A0104,P0104,BANK007,Wallet,Active,L008,2025-02-07,High
A0105,P0105,BANK005,Savings,Active,L008,2025-03-24,High
A0106,P0106,BANK002,Wallet,Active,L009,2025-03-28,High
A0107,P0107,BANK004,Wallet,Active,L010,2025-08-02,High
A0108,P0108,BANK002,Wallet,Active,L009,2025-01-31,High
A0109,P0109,BANK003,Current,Active,L004,2025-09-21,High
A0110,P0110,BANK007,Savings,Active,L002,2025-03-23,High
A0111,P0111,BANK007,Wallet,Active,L003,2025-08-23,High
A0112,P0112,BANK003,Current,Active,L001,2025-07-07,High
A0113,P0113,BANK002,Savings,Active,L010,2025-02-19,High
A0114,P0114,BANK001,Savings,Active,L009,2025-03-12,Normal
A0115,P0115,BANK005,Current,Active,L010,2025-01-09,High
A0116,P0116,BANK001,Wallet,Active,L007,2025-09-03,High
A0117,P0117,BANK008,Current,Active,L007,2025-08-03,Normal
A0118,P0118,BANK008,Wallet,Active,L009,2025-07-12,High
A0119,P0119,BANK005,Savings,Active,L006,2025-06-02,Normal
A0120,P0120,BANK007,Current,Active,L008,2025-06-26,High
