call_id,case_id,timestamp,caller_phone_id,receiver_phone_id,duration_seconds,call_type,location_id
C00001,CF003,2025-03-16T19:59:00,PH0044,PH0011,45,VoIP,L007
C00002,CF025,2025-08-14T23:40:00,PH0031,PH0085,45,Voice,L010
C00003,CF023,2025-05-16T03:03:00,PH0007,PH0083,45,VoIP,L007
C00004,CF031,2025-09-30T07:24:00,PH0039,PH0061,420,VoIP,L005
C00005,CF010,2025-08-11T00:18:00,PH0068,PH0112,900,VoIP,L006
C00006,CF034,2025-02-19T17:40:00,PH0088,PH0006,240,VoIP,L010
C00007,CF018,2025-05-17T03:16:00,PH0043,PH0035,420,VoIP,L004
C00008,CF038,2025-09-24T10:43:00,PH0099,PH0025,45,VoIP,L009
C00009,CF001,2025-02-04T00:26:00,PH0087,PH0002,28,Missed,L002
C00010,CF029,2025-05-26T08:12:00,PH0045,PH0029,12,Voice,L010
C00011,CF006,2025-12-03T06:38:00,PH0008,PH0077,28,Missed,L002
C00012,CF006,2025-03-08T12:42:00,PH0110,PH0078,45,Voice,L003
C00013,CF017,2025-12-05T02:40:00,PH0038,PH0060,900,VoIP,L007
C00014,CF021,2025-02-07T08:49:00,PH0033,PH0021,12,VoIP,L007
C00015,CF022,2025-05-16T05:28:00,PH0008,PH0034,28,VoIP,L004
C00016,CF040,2025-11-27T15:06:00,PH0051,PH0023,45,Missed,L007
C00017,CF014,2025-02-24T14:45:00,PH0079,PH0083,120,Voice,L001
C00018,CF005,2025-05-09T14:01:00,PH0010,PH0074,900,Voice,L001
C00019,CF003,2025-05-17T04:44:00,PH0086,PH0050,240,VoIP,L010
C00020,CF001,2025-09-09T15:27:00,PH0066,PH0091,420,Missed,L002
C00021,CF035,2025-07-16T22:52:00,PH0029,PH0001,900,Voice,L010
C00022,CF035,2025-06-20T21:19:00,PH0120,PH0046,420,Voice,L002
C00023,CF024,2025-06-24T02:53:00,PH0069,PH0110,900,VoIP,L004
C00024,CF012,2025-07-16T21:12:00,PH0071,PH0006,120,Missed,L007
C00025,CF007,2025-07-03T15:05:00,PH0081,PH0089,900,Missed,L004
C00026,CF009,2025-01-13T23:37:00,PH0005,PH0025,61,VoIP,L007
C00027,CF005,2025-11-26T09:31:00,PH0102,PH0070,900,Voice,L001
C00028,CF022,2025-01-22T12:07:00,PH0008,PH0044,61,Missed,L009
C00029,CF030,2025-10-02T04:47:00,PH0087,PH0112,61,Voice,L001
C00030,CF010,2025-01-10T15:58:00,PH0063,PH0084,12,Voice,L003
C00031,CF001,2025-01-26T09:52:00,PH0023,PH0081,28,VoIP,L010
C00032,CF011,2025-02-02T03:07:00,PH0107,PH0076,900,Missed,L010
C00033,CF015,2025-04-14T13:21:00,PH0009,PH0103,420,VoIP,L002
C00034,CF037,2025-06-14T06:48:00,PH0070,PH0018,12,Missed,L003
C00035,CF022,2025-05-21T04:48:00,PH0009,PH0016,420,Voice,L006
C00036,CF036,2025-05-05T18:02:00,PH0022,PH0057,45,Voice,L010
C00037,CF025,2025-01-09T15:05:00,PH0100,PH0021,12,Voice,L003
C00038,CF006,2025-10-31T09:26:00,PH0091,PH0084,900,Missed,L003
C00039,CF014,2025-05-19T16:28:00,PH0019,PH0082,420,Voice,L003
C00040,CF040,2025-11-02T05:45:00,PH0089,PH0005,900,Missed,L002
C00041,CF020,2025-01-03T17:15:00,PH0045,PH0054,61,Voice,L009
C00042,CF007,2025-10-04T16:14:00,PH0080,PH0047,900,Missed,L004
C00043,CF018,2025-02-27T04:43:00,PH0007,PH0025,900,VoIP,L003
C00044,CF011,2025-01-23T01:41:00,PH0086,PH0119,240,VoIP,L004
C00045,CF028,2025-11-12T14:02:00,PH0033,PH0043,28,Missed,L001
C00046,CF035,2025-01-15T15:32:00,PH0023,PH0021,28,Voice,L004
C00047,CF029,2025-06-16T13:12:00,PH0076,PH0075,240,Voice,L002
C00048,CF021,2025-05-02T23:26:00,PH0030,PH0013,61,VoIP,L004
C00049,CF005,2025-09-06T01:56:00,PH0061,PH0075,420,Voice,L004
C00050,CF040,2025-07-18T11:08:00,PH0059,PH0023,900,Missed,L004
C00051,CF023,2025-06-21T04:02:00,PH0035,PH0026,12,VoIP,L003
C00052,CF008,2025-08-23T13:10:00,PH0110,PH0060,240,Voice,L005
C00053,CF039,2025-11-23T19:57:00,PH0021,PH0102,45,Missed,L009
C00054,CF015,2025-09-25T15:55:00,PH0012,PH0053,61,Missed,L008
C00055,CF030,2025-08-08T23:55:00,PH0036,PH0002,61,Voice,L006
C00056,CF028,2025-10-30T04:58:00,PH0075,PH0029,12,VoIP,L001
C00057,CF003,2025-09-16T01:27:00,PH0061,PH0094,420,VoIP,L002
C00058,CF029,2025-02-12T17:48:00,PH0064,PH0031,12,Missed,L007
C00059,CF014,2025-06-01T07:41:00,PH0017,PH0046,28,Voice,L008
C00060,CF020,2025-08-24T18:47:00,PH0021,PH0091,12,VoIP,L008
C00061,CF009,2025-07-27T05:50:00,PH0112,PH0091,240,Missed,L008
C00062,CF001,2025-02-06T12:57:00,PH0111,PH0081,240,Missed,L001
C00063,CF019,2025-05-19T22:39:00,PH0055,PH0097,61,Missed,L002
C00064,CF040,2025-01-29T16:58:00,PH0113,PH0043,240,Voice,L002
C00065,CF025,2025-11-13T01:23:00,PH0047,PH0060,240,Voice,L009
C00066,CF005,2025-04-15T04:21:00,PH0072,PH0091,61,Missed,L002
C00067,CF031,2025-10-25T22:13:00,PH0095,PH0097,61,VoIP,L006
C00068,CF018,2025-08-05T08:03:00,PH0065,PH0088,28,VoIP,L006
C00069,CF029,2025-09-27T03:30:00,PH0063,PH0065,120,VoIP,L010
C00070,CF024,2025-12-21T02:12:00,PH0103,PH0087,900,Voice,L002
C00071,CF026,2025-05-28T02:06:00,PH0115,PH0023,45,VoIP,L002
C00072,CF010,2025-04-15T16:40:00,PH0064,PH0020,12,VoIP,L007
C00073,CF035,2025-08-31T11:26:00,PH0120,PH0017,900,Missed,L001
C00074,CF019,2025-01-12T07:53:00,PH0025,PH0009,240,VoIP,L010
C00075,CF022,2025-06-17T15:37:00,PH0084,PH0083,900,VoIP,L005
C00076,CF037,2025-06-06T05:50:00,PH0017,PH0115,120,Voice,L008
C00077,CF024,2025-01-25T04:22:00,PH0037,PH0099,120,VoIP,L003
C00078,CF040,2025-12-31T17:18:00,PH0119,PH0021,45,Voice,L003
C00079,CF011,2025-01-22T10:36:00,PH0031,PH0015,45,VoIP,L005
C00080,CF024,2025-10-15T22:02:00,PH0024,PH0027,240,VoIP,L003
C00081,CF024,2025-03-25T17:19:00,PH0058,PH0070,28,Voice,L007
C00082,CF032,2025-08-23T10:09:00,PH0099,PH0019,12,Missed,L009
C00083,CF033,2025-12-28T09:30:00,PH0043,PH0083,120,Missed,L003
C00084,CF037,2025-08-15T10:44:00,PH0094,PH0117,28,Missed,L008
C00085,CF003,2025-10-10T03:19:00,PH0018,PH0087,12,VoIP,L010
C00086,CF015,2025-02-17T10:03:00,PH0058,PH0046,61,Missed,L009
C00087,CF015,2025-05-23T06:01:00,PH0101,PH0120,28,Missed,L008
C00088,CF006,2025-04-10T15:20:00,PH0066,PH0051,12,Missed,L006
C00089,CF026,2025-08-07T11:24:00,PH0019,PH0092,240,Voice,L005
C00090,CF023,2025-08-17T17:05:00,PH0045,PH0040,61,Missed,L008
C00091,CF027,2025-05-28T05:51:00,PH0103,PH0057,420,Missed,L007
C00092,CF009,2025-11-03T02:09:00,PH0107,PH0076,61,VoIP,L008
C00093,CF034,2025-10-30T12:05:00,PH0043,PH0009,12,VoIP,L005
C00094,CF027,2025-08-25T22:36:00,PH0023,PH0072,45,Voice,L003
C00095,CF025,2025-09-09T01:52:00,PH0038,PH0071,120,Missed,L005
C00096,CF032,2025-08-26T07:01:00,PH0072,PH0095,12,Voice,L005
C00097,CF020,2025-11-22T15:07:00,PH0082,PH0107,120,VoIP,L003
C00098,CF032,2025-11-27T07:01:00,PH0117,PH0089,28,VoIP,L008
C00099,CF005,2025-07-05T18:30:00,PH0077,PH0096,420,VoIP,L008
C00100,CF008,2025-10-22T00:54:00,PH0048,PH0066,120,Voice,L010
C00101,CF004,2025-08-25T22:08:00,PH0019,PH0041,240,Voice,L001
C00102,CF018,2025-11-22T11:03:00,PH0047,PH0054,120,VoIP,L009
C00103,CF005,2025-11-18T05:48:00,PH0066,PH0025,28,Missed,L003
C00104,CF035,2025-06-11T21:51:00,PH0042,PH0112,120,VoIP,L006
C00105,CF007,2025-06-30T04:00:00,PH0069,PH0075,45,Missed,L005
C00106,CF024,2025-07-30T10:58:00,PH0100,PH0063,45,Voice,L004
C00107,CF010,2025-04-07T17:39:00,PH0065,PH0029,28,VoIP,L008
C00108,CF005,2025-03-09T00:30:00,PH0015,PH0105,240,VoIP,L006
C00109,CF009,2025-11-02T16:48:00,PH0105,PH0057,240,Voice,L005
C00110,CF002,2025-03-02T07:08:00,PH0096,PH0105,45,Missed,L004
C00111,CF020,2025-03-08T02:27:00,PH0017,PH0027,28,Voice,L001
C00112,CF031,2025-01-22T06:06:00,PH0097,PH0056,12,Missed,L009
C00113,CF038,2025-03-02T08:02:00,PH0008,PH0061,28,VoIP,L001
C00114,CF007,2025-11-05T06:37:00,PH0101,PH0016,61,Voice,L006
C00115,CF002,2025-05-23T18:22:00,PH0012,PH0019,240,Voice,L009
C00116,CF040,2025-10-19T02:06:00,PH0031,PH0065,12,Missed,L004
C00117,CF013,2025-10-03T00:46:00,PH0037,PH0022,28,Voice,L009
C00118,CF031,2025-10-29T05:28:00,PH0047,PH0090,28,Voice,L006
C00119,CF025,2025-09-21T07:26:00,PH0055,PH0028,28,VoIP,L002
C00120,CF030,2025-03-11T15:48:00,PH0015,PH0067,240,Missed,L005
C00121,CF036,2025-02-12T10:31:00,PH0093,PH0006,28,VoIP,L005
C00122,CF030,2025-06-09T21:53:00,PH0077,PH0095,900,Voice,L009
C00123,CF027,2025-08-08T06:54:00,PH0038,PH0110,28,VoIP,L006
C00124,CF012,2025-09-09T21:06:00,PH0002,PH0087,420,VoIP,L009
C00125,CF006,2025-07-22T12:44:00,PH0016,PH0019,28,Missed,L003
C00126,CF005,2025-06-23T06:38:00,PH0047,PH0026,420,Voice,L004
C00127,CF028,2025-05-23T22:49:00,PH0093,PH0064,120,Missed,L007
C00128,CF023,2025-11-05T12:31:00,PH0061,PH0086,120,Voice,L008
C00129,CF007,2025-09-08T15:14:00,PH0016,PH0033,45,Voice,L002
C00130,CF004,2025-09-13T21:01:00,PH0107,PH0009,45,VoIP,L010
C00131,CF021,2025-11-15T19:06:00,PH0020,PH0039,28,Missed,L009
C00132,CF032,2025-04-14T09:42:00,PH0102,PH0060,900,VoIP,L009
C00133,CF017,2025-10-04T17:01:00,PH0070,PH0044,12,VoIP,L002
C00134,CF025,2025-07-12T14:29:00,PH0058,PH0041,12,Voice,L003
C00135,CF036,2025-06-05T22:10:00,PH0085,PH0111,900,VoIP,L003
C00136,CF020,2025-09-07T03:36:00,PH0092,PH0050,900,Missed,L009
C00137,CF035,2025-09-01T17:54:00,PH0074,PH0061,45,Missed,L001
C00138,CF026,2025-10-30T12:39:00,PH0034,PH0064,240,VoIP,L006
C00139,CF004,2025-01-24T04:53:00,PH0004,PH0076,240,VoIP,L010
C00140,CF002,2025-11-17T10:24:00,PH0098,PH0115,28,VoIP,L006
C00141,CF023,2025-01-29T21:15:00,PH0053,PH0045,61,Voice,L005
C00142,CF038,2025-12-19T02:55:00,PH0011,PH0117,120,Voice,L006
C00143,CF011,2025-06-16T01:29:00,PH0003,PH0069,420,Missed,L009
C00144,CF027,2025-12-23T15:37:00,PH0035,PH0003,12,VoIP,L007
C00145,CF037,2025-10-21T03:51:00,PH0050,PH0042,900,Voice,L004
C00146,CF022,2025-12-08T10:10:00,PH0064,PH0065,120,VoIP,L007
C00147,CF013,2025-02-08T17:13:00,PH0064,PH0082,120,VoIP,L001
C00148,CF020,2025-04-26T19:47:00,PH0074,PH0052,28,Missed,L010
C00149,CF007,2025-05-20T02:36:00,PH0076,PH0044,900,VoIP,L004
C00150,CF023,2025-11-30T09:32:00,PH0102,PH0010,120,VoIP,L009
C00151,CF021,2025-07-25T08:39:00,PH0026,PH0054,900,Missed,L009
C00152,CF012,2025-11-18T22:33:00,PH0113,PH0003,45,Missed,L008
C00153,CF014,2025-08-28T08:59:00,PH0085,PH0106,420,Missed,L001
C00154,CF034,2025-08-25T04:15:00,PH0026,PH0047,45,Missed,L005
C00155,CF028,2025-02-02T20:13:00,PH0053,PH0041,420,VoIP,L005
C00156,CF011,2025-11-04T07:25:00,PH0033,PH0088,61,Voice,L003
C00157,CF013,2025-06-08T14:31:00,PH0004,PH0032,420,VoIP,L001
C00158,CF013,2025-03-11T00:16:00,PH0021,PH0035,120,Missed,L009
C00159,CF012,2025-01-22T23:31:00,PH0083,PH0110,12,Voice,L002
C00160,CF021,2025-02-02T13:57:00,PH0078,PH0039,240,Missed,L002
C00161,CF026,2025-03-13T07:07:00,PH0108,PH0093,28,Missed,L010
C00162,CF034,2025-02-16T07:38:00,PH0033,PH0064,28,VoIP,L006
C00163,CF038,2025-05-01T13:13:00,PH0095,PH0050,45,Voice,L003
C00164,CF014,2025-07-29T08:55:00,PH0036,PH0057,12,VoIP,L009
C00165,CF024,2025-06-12T17:27:00,PH0090,PH0015,900,Missed,L004
C00166,CF018,2025-03-16T11:30:00,PH0113,PH0101,240,VoIP,L001
C00167,CF039,2025-12-06T01:44:00,PH0005,PH0108,61,VoIP,L009
C00168,CF025,2025-12-25T11:57:00,PH0040,PH0082,28,Missed,L004
C00169,CF029,2025-07-21T08:19:00,PH0050,PH0002,28,Voice,L005
C00170,CF014,2025-03-24T14:40:00,PH0111,PH0114,240,Missed,L007
C00171,CF003,2025-02-11T15:30:00,PH0036,PH0111,420,VoIP,L007
C00172,CF007,2025-12-24T08:32:00,PH0106,PH0021,28,VoIP,L007
C00173,CF039,2025-10-08T23:20:00,PH0094,PH0105,900,Missed,L001
C00174,CF004,2025-11-19T14:50:00,PH0083,PH0024,45,Voice,L007
C00175,CF013,2025-06-10T18:05:00,PH0081,PH0040,28,Voice,L004
C00176,CF034,2025-11-29T04:54:00,PH0092,PH0099,420,VoIP,L008
C00177,CF031,2025-03-10T08:11:00,PH0112,PH0095,240,VoIP,L004
C00178,CF006,2025-04-04T12:56:00,PH0054,PH0048,420,Missed,L004
C00179,CF002,2025-10-13T20:39:00,PH0003,PH0119,61,Voice,L008
C00180,CF013,2025-03-28T01:25:00,PH0034,PH0090,420,Missed,L005
C00181,CF010,2025-03-29T18:07:00,PH0012,PH0048,12,Missed,L009
C00182,CF028,2025-08-21T21:31:00,PH0099,PH0118,28,Voice,L004
C00183,CF013,2025-05-17T09:47:00,PH0111,PH0105,900,VoIP,L003
C00184,CF028,2025-11-04T06:52:00,PH0110,PH0027,120,Missed,L004
C00185,CF027,2025-03-16T00:18:00,PH0024,PH0053,120,Voice,L010
C00186,CF029,2025-07-09T18:43:00,PH0117,PH0032,900,Voice,L001
C00187,CF031,2025-06-15T22:25:00,PH0018,PH0112,61,Missed,L007
C00188,CF028,2025-05-12T02:06:00,PH0095,PH0077,12,Voice,L006
C00189,CF016,2025-07-01T19:42:00,PH0061,PH0117,12,Voice,L005
C00190,CF033,2025-06-04T12:42:00,PH0080,PH0049,240,Voice,L009
C00191,CF003,2025-05-14T05:32:00,PH0075,PH0023,900,VoIP,L008
C00192,CF009,2025-12-30T16:27:00,PH0012,PH0041,45,VoIP,L002
C00193,CF021,2025-09-13T08:47:00,PH0006,PH0017,240,VoIP,L005
C00194,CF017,2025-05-16T16:20:00,PH0079,PH0107,420,Voice,L006
C00195,CF032,2025-10-12T21:40:00,PH0098,PH0020,900,Voice,L004
C00196,CF010,2025-04-04T01:30:00,PH0007,PH0030,120,Voice,L008
C00197,CF028,2025-09-11T01:28:00,PH0015,PH0115,240,Missed,L009
C00198,CF032,2025-02-27T23:55:00,PH0059,PH0064,45,Voice,L006
C00199,CF006,2025-05-26T05:53:00,PH0027,PH0112,45,Missed,L009
C00200,CF018,2025-12-06T18:13:00,PH0073,PH0115,12,Missed,L010
C00201,CF012,2025-02-09T07:49:00,PH0054,PH0118,900,Missed,L002
C00202,CF022,2025-12-15T21:07:00,PH0004,PH0037,420,VoIP,L010
C00203,CF007,2025-03-20T00:05:00,PH0108,PH0042,900,Missed,L008
C00204,CF030,2025-11-01T21:00:00,PH0081,PH0035,240,Voice,L010
C00205,CF029,2025-10-19T04:13:00,PH0042,PH0094,12,Missed,L005
C00206,CF021,2025-02-06T17:38:00,PH0103,PH0008,420,Voice,L007
C00207,CF017,2025-07-24T02:01:00,PH0023,PH0031,61,Voice,L007
C00208,CF026,2025-12-01T04:07:00,PH0037,PH0083,120,VoIP,L007
C00209,CF020,2025-11-05T04:22:00,PH0116,PH0088,28,VoIP,L009
C00210,CF013,2025-07-18T15:17:00,PH0063,PH0058,420,Voice,L007
C00211,CF024,2025-08-11T20:27:00,PH0079,PH0024,28,Voice,L009
C00212,CF022,2025-04-25T20:43:00,PH0060,PH0087,45,VoIP,L009
C00213,CF034,2025-08-28T13:05:00,PH0011,PH0038,900,VoIP,L003
C00214,CF009,2025-06-03T07:33:00,PH0088,PH0116,420,VoIP,L010
C00215,CF004,2025-01-24T16:06:00,PH0071,PH0010,420,VoIP,L002
C00216,CF030,2025-10-19T08:22:00,PH0085,PH0093,120,Missed,L002
C00217,CF033,2025-12-05T14:11:00,PH0003,PH0015,45,VoIP,L001
C00218,CF006,2025-12-27T09:20:00,PH0054,PH0113,900,Missed,L008
C00219,CF040,2025-06-24T05:13:00,PH0104,PH0034,45,Voice,L010
C00220,CF017,2025-02-24T13:34:00,PH0112,PH0087,12,Voice,L007
C00221,CF008,2025-12-02T15:29:00,PH0002,PH0022,420,Missed,L010
C00222,CF032,2025-11-12T11:44:00,PH0039,PH0080,420,VoIP,L002
C00223,CF009,2025-04-08T03:52:00,PH0018,PH0002,12,Missed,L004
C00224,CF002,2025-11-29T04:41:00,PH0027,PH0062,61,VoIP,L009
C00225,CF013,2025-08-26T04:30:00,PH0012,PH0039,420,Voice,L002
C00226,CF011,2025-12-26T14:31:00,PH0116,PH0020,900,Voice,L008
C00227,CF038,2025-05-31T18:53:00,PH0032,PH0026,420,Voice,L006
C00228,CF001,2025-08-10T13:54:00,PH0014,PH0081,900,Missed,L010
C00229,CF039,2025-05-29T01:31:00,PH0094,PH0071,420,VoIP,L009
C00230,CF038,2025-12-14T15:14:00,PH0093,PH0079,12,Missed,L001
C00231,CF028,2025-10-11T02:17:00,PH0074,PH0041,420,VoIP,L002
C00232,CF032,2025-06-27T14:44:00,PH0080,PH0083,420,Voice,L003
C00233,CF019,2025-08-29T11:28:00,PH0093,PH0025,61,Missed,L004
C00234,CF038,2025-06-23T19:54:00,PH0117,PH0088,900,Voice,L005
C00235,CF025,2025-12-11T20:47:00,PH0054,PH0107,240,VoIP,L003
C00236,CF040,2025-12-20T23:05:00,PH0027,PH0037,900,Voice,L003
C00237,CF013,2025-09-09T03:50:00,PH0021,PH0078,420,VoIP,L005
C00238,CF016,2025-01-25T00:22:00,PH0027,PH0072,120,VoIP,L003
C00239,CF012,2025-09-15T01:51:00,PH0106,PH0111,28,VoIP,L007
C00240,CF008,2025-03-03T17:14:00,PH0080,PH0030,900,VoIP,L006
C00241,CF023,2025-10-13T08:57:00,PH0099,PH0006,45,Missed,L009
C00242,CF039,2025-12-28T01:59:00,PH0086,PH0014,900,VoIP,L002
C00243,CF007,2025-11-09T03:52:00,PH0101,PH0079,12,Missed,L002
C00244,CF011,2025-04-16T11:10:00,PH0081,PH0016,120,Missed,L008
C00245,CF033,2025-02-20T04:41:00,PH0064,PH0094,240,VoIP,L003
C00246,CF008,2025-08-13T13:49:00,PH0109,PH0026,12,Voice,L008
C00247,CF022,2025-03-29T02:17:00,PH0037,PH0065,240,Missed,L007
C00248,CF024,2025-05-06T04:48:00,PH0081,PH0086,420,Voice,L003
C00249,CF028,2025-07-29T14:54:00,PH0053,PH0118,240,Voice,L008
C00250,CF010,2025-09-22T02:05:00,PH0099,PH0002,240,VoIP,L007
C00251,CF011,2025-07-21T01:42:00,PH0056,PH0008,45,Missed,L001
C00252,CF034,2025-07-25T21:44:00,PH0038,PH0054,120,Missed,L006
C00253,CF023,2025-05-24T16:39:00,PH0002,PH0106,45,Missed,L007
C00254,CF029,2025-10-06T19:50:00,PH0083,PH0027,900,Missed,L006
C00255,CF026,2025-06-04T02:02:00,PH0100,PH0026,240,VoIP,L003
C00256,CF034,2025-04-20T02:32:00,PH0070,PH0037,120,Missed,L006
C00257,CF011,2025-10-04T18:16:00,PH0003,PH0004,61,VoIP,L007
C00258,CF033,2025-01-31T11:16:00,PH0015,PH0094,240,Voice,L001
C00259,CF008,2025-10-21T23:00:00,PH0058,PH0039,900,VoIP,L004
C00260,CF038,2025-11-18T21:34:00,PH0073,PH0092,61,VoIP,L005
C00261,CF019,2025-10-21T21:08:00,PH0086,PH0101,420,Missed,L004
C00262,CF007,2025-10-26T06:52:00,PH0042,PH0067,240,VoIP,L002
C00263,CF010,2025-07-30T02:05:00,PH0092,PH0055,12,VoIP,L003
C00264,CF031,2025-02-09T11:43:00,PH0028,PH0058,420,Missed,L009
C00265,CF034,2025-05-16T18:31:00,PH0100,PH0051,420,VoIP,L008
C00266,CF027,2025-03-15T16:08:00,PH0106,PH0021,900,Missed,L008
C00267,CF009,2025-09-28T03:44:00,PH0091,PH0066,61,VoIP,L008
C00268,CF003,2025-10-14T11:58:00,PH0096,PH0021,28,Missed,L007
C00269,CF008,2025-10-20T09:02:00,PH0016,PH0048,45,Voice,L006
C00270,CF020,2025-05-31T15:01:00,PH0048,PH0039,45,Voice,L010
C00271,CF027,2025-06-06T09:13:00,PH0007,PH0120,45,Missed,L008
C00272,CF001,2025-06-28T02:55:00,PH0016,PH0071,12,VoIP,L008
C00273,CF037,2025-08-20T10:50:00,PH0040,PH0073,420,VoIP,L010
C00274,CF009,2025-09-16T20:29:00,PH0098,PH0018,900,Missed,L008
C00275,CF010,2025-06-16T02:51:00,PH0111,PH0094,420,VoIP,L004
C00276,CF026,2025-01-24T21:56:00,PH0044,PH0070,900,Missed,L005
C00277,CF006,2025-12-29T00:36:00,PH0111,PH0022,120,Missed,L002
C00278,CF036,2025-11-13T17:36:00,PH0011,PH0025,12,Missed,L009
C00279,CF013,2025-09-15T00:07:00,PH0097,PH0061,45,Voice,L005
C00280,CF014,2025-12-28T18:28:00,PH0032,PH0107,28,Missed,L010
C00281,CF021,2025-01-24T15:55:00,PH0052,PH0076,12,VoIP,L007
C00282,CF012,2025-09-28T10:24:00,PH0054,PH0004,120,Voice,L002
C00283,CF007,2025-05-27T04:11:00,PH0070,PH0022,120,Voice,L003
C00284,CF020,2025-03-28T01:39:00,PH0053,PH0087,240,Voice,L001
C00285,CF004,2025-02-20T10:09:00,PH0039,PH0050,420,VoIP,L005
C00286,CF025,2025-03-03T01:12:00,PH0106,PH0116,61,Missed,L010
C00287,CF016,2025-09-16T12:07:00,PH0064,PH0066,120,Voice,L006
C00288,CF030,2025-02-03T15:01:00,PH0071,PH0053,420,Missed,L004
C00289,CF002,2025-10-28T21:06:00,PH0035,PH0071,61,Missed,L003
C00290,CF020,2025-08-17T02:54:00,PH0073,PH0053,61,Voice,L006
C00291,CF035,2025-05-06T17:27:00,PH0022,PH0101,900,Voice,L001
C00292,CF030,2025-05-29T20:10:00,PH0107,PH0080,12,Voice,L008
C00293,CF018,2025-12-15T12:22:00,PH0077,PH0033,61,Missed,L009
C00294,CF019,2025-10-01T18:04:00,PH0006,PH0021,120,Voice,L007
C00295,CF008,2025-10-12T08:56:00,PH0107,PH0018,420,Voice,L010
C00296,CF033,2025-12-16T10:40:00,PH0103,PH0041,120,Missed,L008
C00297,CF018,2025-06-14T10:13:00,PH0032,PH0085,900,Missed,L006
C00298,CF002,2025-03-10T20:59:00,PH0117,PH0089,12,Missed,L008
C00299,CF001,2025-12-11T05:26:00,PH0116,PH0002,900,VoIP,L009
C00300,CF006,2025-11-29T20:04:00,PH0101,PH0113,12,Missed,L008
