case_id,case_reference,fraud_category,incident_start,reported_date,city,state,dataset_type,case_status,reported_loss_inr
CF001,Public-case-inspired-001,SIM Swap,2025-03-22,2025-03-23,Hyderabad,Telangana,SYNTHETIC_TEST_CASE,Under Investigation,185000
CF002,Public-case-inspired-002,UPI Fraud,2025-04-18,2025-04-21,Bengaluru,Karnataka,SYNTHETIC_TEST_CASE,Under Investigation,45000
CF003,Public-case-inspired-003,SIM Swap,2025-02-19,2025-02-19,Bengaluru,Karnataka,SYNTHETIC_TEST_CASE,Under Investigation,185000
CF004,Public-case-inspired-004,UPI Fraud,2025-08-24,2025-08-24,Jaipur,Rajasthan,SYNTHETIC_TEST_CASE,Under Investigation,420000
CF005,Public-case-inspired-005,Account Takeover,2025-10-06,2025-10-10,New Delhi,Delhi,SYNTHETIC_TEST_CASE,Under Investigation,250000
CF006,Public-case-inspired-006,UPI Fraud,2025-04-07,2025-04-09,Pune,Maharashtra,SYNTHETIC_TEST_CASE,Under Investigation,120000
CF007,Public-case-inspired-007,UPI Fraud,2025-02-08,2025-02-10,Jamtara,Jharkhand,SYNTHETIC_TEST_CASE,Under Investigation,420000
CF008,Public-case-inspired-008,Phishing,2025-08-19,2025-08-21,Bengaluru,Karnataka,SYNTHETIC_TEST_CASE,Under Investigation,250000
CF009,Public-case-inspired-009,Account Takeover,2025-04-14,2025-04-18,New Delhi,Delhi,SYNTHETIC_TEST_CASE,Under Investigation,45000
CF010,Public-case-inspired-010,Remote Access Scam,2025-11-21,2025-11-22,Ahmedabad,Gujarat,SYNTHETIC_TEST_CASE,Under Investigation,120000
CF011,Public-case-inspired-011,SIM Swap,2025-08-20,2025-08-25,Hyderabad,Telangana,SYNTHETIC_TEST_CASE,Under Investigation,120000
CF012,Public-case-inspired-012,Phishing,2025-06-14,2025-06-16,Mumbai,Maharashtra,SYNTHETIC_TEST_CASE,Under Investigation,25000
CF013,Public-case-inspired-013,UPI Fraud,2025-07-21,2025-07-25,New Delhi,Delhi,SYNTHETIC_TEST_CASE,Under Investigation,120000
CF014,Public-case-inspired-014,Account Takeover,2025-06-08,2025-06-11,Jamtara,Jharkhand,SYNTHETIC_TEST_CASE,Under Investigation,850000
CF015,Public-case-inspired-015,Phishing,2025-11-25,2025-11-26,Kolkata,West Bengal,SYNTHETIC_TEST_CASE,Under Investigation,185000
CF016,Public-case-inspired-016,Remote Access Scam,2025-05-02,2025-05-07,Jaipur,Rajasthan,SYNTHETIC_TEST_CASE,Under Investigation,185000
CF017,Public-case-inspired-017,Remote Access Scam,2025-10-25,2025-10-27,Hyderabad,Telangana,SYNTHETIC_TEST_CASE,Under Investigation,420000
CF018,Public-case-inspired-018,Remote Access Scam,2025-04-23,2025-04-23,Ahmedabad,Gujarat,SYNTHETIC_TEST_CASE,Under Investigation,850000
CF019,Public-case-inspired-019,Phishing,2025-01-20,2025-01-25,Pune,Maharashtra,SYNTHETIC_TEST_CASE,Under Investigation,75000
CF020,Public-case-inspired-020,UPI Fraud,2025-08-02,2025-08-05,Noida,Uttar Pradesh,SYNTHETIC_TEST_CASE,Under Investigation,420000
CF021,Public-case-inspired-021,Remote Access Scam,2025-10-29,2025-11-02,Kolkata,West Bengal,SYNTHETIC_TEST_CASE,Under Investigation,185000
CF022,Public-case-inspired-022,Account Takeover,2025-01-01,2025-01-06,Pune,Maharashtra,SYNTHETIC_TEST_CASE,Under Investigation,185000
CF023,Public-case-inspired-023,SIM Swap,2025-06-23,2025-06-24,Pune,Maharashtra,SYNTHETIC_TEST_CASE,Under Investigation,420000
CF024,Public-case-inspired-024,Account Takeover,2025-08-17,2025-08-21,Mumbai,Maharashtra,SYNTHETIC_TEST_CASE,Under Investigation,185000
CF025,Public-case-inspired-025,UPI Fraud,2025-03-28,2025-04-02,Jaipur,Rajasthan,SYNTHETIC_TEST_CASE,Under Investigation,185000
CF026,Public-case-inspired-026,Phishing,2025-09-15,2025-09-17,Noida,Uttar Pradesh,SYNTHETIC_TEST_CASE,Under Investigation,75000
CF027,Public-case-inspired-027,Remote Access Scam,2025-03-20,2025-03-24,Jaipur,Rajasthan,SYNTHETIC_TEST_CASE,Under Investigation,25000
CF028,Public-case-inspired-028,UPI Fraud,2025-06-13,2025-06-15,Kolkata,West Bengal,SYNTHETIC_TEST_CASE,Under Investigation,45000
CF029,Public-case-inspired-029,UPI Fraud,2025-06-03,2025-06-07,Jamtara,Jharkhand,SYNTHETIC_TEST_CASE,Under Investigation,120000
CF030,Public-case-inspired-030,Account Takeover,2025-02-10,2025-02-10,Pune,Maharashtra,SYNTHETIC_TEST_CASE,Under Investigation,850000
CF031,Public-case-inspired-031,Phishing,2025-09-26,2025-09-30,Ahmedabad,Gujarat,SYNTHETIC_TEST_CASE,Under Investigation,850000
CF032,Public-case-inspired-032,Remote Access Scam,2025-03-25,2025-03-26,New Delhi,Delhi,SYNTHETIC_TEST_CASE,Under Investigation,420000
CF033,Public-case-inspired-033,Account Takeover,2025-10-01,2025-10-04,Jamtara,Jharkhand,SYNTHETIC_TEST_CASE,Under Investigation,185000
CF034,Public-case-inspired-034,Investment Scam,2025-12-10,2025-12-10,Bengaluru,Karnataka,SYNTHETIC_TEST_CASE,Under Investigation,850000
CF035,Public-case-inspired-035,UPI Fraud,2025-05-07,2025-05-07,Jamtara,Jharkhand,SYNTHETIC_TEST_CASE,Under Investigation,250000
CF036,Public-case-inspired-036,Phishing,2025-10-29,2025-10-29,Jaipur,Rajasthan,SYNTHETIC_TEST_CASE,Under Investigation,120000
CF037,Public-case-inspired-037,Phishing,2025-02-06,2025-02-06,Mumbai,Maharashtra,SYNTHETIC_TEST_CASE,Under Investigation,45000
CF038,Public-case-inspired-038,Remote Access Scam,2025-06-17,2025-06-19,Pune,Maharashtra,SYNTHETIC_TEST_CASE,Under Investigation,120000
CF039,Public-case-inspired-039,Phishing,2025-12-04,2025-12-09,Kolkata,West Bengal,SYNTHETIC_TEST_CASE,Under Investigation,75000
CF040,Public-case-inspired-040,Investment Scam,2025-10-17,2025-10-20,Noida,Uttar Pradesh,SYNTHETIC_TEST_CASE,Under Investigation,120000
