person_id,case_id,name,role,age_group,phone_id,primary_location_id
P0001,CF027,Neel Shah,Accused,35-44,PH0001,L007
P0002,CF007,Ishaan Kumar,Accused,25-34,PH0002,L008
P0003,CF001,Aditya Yadav,Suspect,25-34,PH0003,L004
P0004,CF017,Yash Singh,Accused,45-54,PH0004,L009
P0005,CF038,Dev Jain,Victim,25-34,PH0005,L009
P0006,CF038,Riya Mehta,Mule,35-44,PH0006,L007
P0007,CF005,Aarav Gupta,Mule,18-24,PH0007,L010
P0008,CF011,Yash Nair,Mule,18-24,PH0008,L005
P0009,CF039,Neel Soni,Accused,45-54,PH0009,L005
P0010,CF017,Kabir Soni,Accused,18-24,PH0010,L007
P0011,CF020,Nikhil Yadav,Victim,35-44,PH0011,L001
P0012,CF002,Kabir Soni,Victim,25-34,PH0012,L007
P0013,CF020,Ishaan Kumar,Accused,45-54,PH0013,L004
P0014,CF017,Kabir Rao,Victim,18-24,PH0014,L005
P0015,CF017,Vihaan Soni,Accused,25-34,PH0015,L009
P0016,CF027,Vivek Das,Mule,25-34,PH0016,L009
P0017,CF020,Kunal Kumar,Accused,35-44,PH0017,L010
P0018,CF019,Anaya Malik,Mule,18-24,PH0018,L006
P0019,CF040,Aditya Gupta,Accused,25-34,PH0019,L010
P0020,CF012,Kavya Jain,Mule,25-34,PH0020,L009
P0021,CF029,Rahul Joshi,Accused,45-54,PH0021,L005
P0022,CF035,Aditya Patel,Accused,25-34,PH0022,L007
P0023,CF027,Manav Yadav,Suspect,45-54,PH0023,L001
P0024,CF028,Dev Mehta,Accused,25-34,PH0024,L007
P0025,CF009,Yash Patel,Accused,35-44,PH0025,L007
P0026,CF002,Aditi Jain,Accused,25-34,PH0026,L006
P0027,CF031,Tara Shah,Mule,45-54,PH0027,L004
P0028,CF020,Meera Malik,Victim,45-54,PH0028,L007
P0029,CF023,Diya Das,Mule,35-44,PH0029,L002
P0030,CF034,Ira Singh,Mule,45-54,PH0030,L009
P0031,CF030,Meera Rao,Mule,18-24,PH0031,L006
P0032,CF036,Aarav Jain,Victim,25-34,PH0032,L002
P0033,CF019,Ishaan Das,Mule,35-44,PH0033,L005
P0034,CF015,Arjun Soni,Accused,25-34,PH0034,L002
P0035,CF012,Kunal Mehta,Suspect,35-44,PH0035,L003
P0036,CF031,Dev Gupta,Accused,35-44,PH0036,L001
P0037,CF020,Aditya Kumar,Accused,25-34,PH0037,L007
P0038,CF014,Ira Kumar,Accused,25-34,PH0038,L002
P0039,CF019,Vihaan Kumar,Accused,45-54,PH0039,L005
P0040,CF018,Rohan Shah,Accused,35-44,PH0040,L005
P0041,CF039,Vihaan Yadav,Accused,35-44,PH0041,L006
P0042,CF029,Rahul Patel,Victim,45-54,PH0042,L007
P0043,CF032,Kunal Malik,Victim,18-24,PH0043,L009
P0044,CF030,Sahil Mehta,Accused,45-54,PH0044,L006
P0045,CF008,Aarav Malik,Mule,25-34,PH0045,L004
P0046,CF032,Kavya Singh,Mule,45-54,PH0046,L005
P0047,CF009,Aditya Singh,Suspect,35-44,PH0047,L007
P0048,CF031,Nikhil Verma,Mule,45-54,PH0048,L009
P0049,CF021,Aditi Gupta,Suspect,45-54,PH0049,L007
P0050,CF034,Yash Mehta,Suspect,25-34,PH0050,L007
P0051,CF035,Vihaan Rao,Accused,25-34,PH0051,L005
P0052,CF021,Vihaan Singh,Accused,25-34,PH0052,L007
P0053,CF040,Tara Kumar,Mule,25-34,PH0053,L010
P0054,CF011,Aditya Gupta,Victim,35-44,PH0054,L010
P0055,CF025,Meera Verma,Mule,18-24,PH0055,L005
P0056,CF015,Ira Kumar,Mule,18-24,PH0056,L003
P0057,CF021,Aditi Das,Accused,35-44,PH0057,L003
P0058,CF010,Ishaan Nair,Mule,35-44,PH0058,L007
P0059,CF024,Arjun Malik,Accused,35-44,PH0059,L001
P0060,CF003,Kunal Gupta,Accused,25-34,PH0060,L004
P0061,CF032,Riya Das,Victim,18-24,PH0061,L005
P0062,CF035,Ira Verma,Accused,25-34,PH0062,L005
P0063,CF037,Neel Shah,Suspect,25-34,PH0063,L009
P0064,CF017,Kabir Shah,Mule,25-34,PH0064,L001
P0065,CF027,Anaya Shah,Suspect,45-54,PH0065,L008
P0066,CF020,Yash Malik,Victim,45-54,PH0066,L001
P0067,CF005,Rohan Singh,Mule,35-44,PH0067,L010
P0068,CF015,Sahil Verma,Suspect,45-54,PH0068,L007
P0069,CF005,Aditya Nair,Accused,18-24,PH0069,L007
P0070,CF028,Aditi Mehta,Victim,35-44,PH0070,L010
P0071,CF036,Nikhil Shah,Suspect,25-34,PH0071,L010
P0072,CF022,Nikhil Mehta,Accused,45-54,PH0072,L003
P0073,CF022,Kabir Verma,Accused,18-24,PH0073,L006
P0074,CF032,Riya Gupta,Accused,18-24,PH0074,L004
P0075,CF039,Vihaan Mehta,Accused,25-34,PH0075,L004
P0076,CF025,Diya Soni,Accused,35-44,PH0076,L009
P0077,CF037,Manav Soni,Mule,18-24,PH0077,L005
P0078,CF028,Meera Das,Mule,35-44,PH0078,L007
P0079,CF010,Ishaan Shah,Accused,25-34,PH0079,L004
P0080,CF010,Yash Shah,Mule,35-44,PH0080,L005
P0081,CF024,Kunal Shah,Mule,45-54,PH0081,L002
P0082,CF007,Vivek Soni,Accused,18-24,PH0082,L003
P0083,CF022,Tara Rao,Accused,18-24,PH0083,L006
P0084,CF038,Tara Patel,Victim,45-54,PH0084,L005
P0085,CF033,Nikhil Mehta,Accused,25-34,PH0085,L003
P0086,CF035,Aditi Yadav,Mule,25-34,PH0086,L006
P0087,CF016,Yash Rao,Accused,25-34,PH0087,L008
P0088,CF033,Anaya Das,Victim,25-34,PH0088,L004
P0089,CF011,Rahul Gupta,Victim,45-54,PH0089,L003
P0090,CF016,Manav Shah,Accused,35-44,PH0090,L001
P0091,CF029,Riya Mehta,Victim,35-44,PH0091,L001
P0092,CF004,Ishaan Das,Mule,45-54,PH0092,L010
P0093,CF001,Riya Verma,Accused,25-34,PH0093,L007
P0094,CF025,Nikhil Singh,Suspect,18-24,PH0094,L006
P0095,CF012,Tara Gupta,Victim,25-34,PH0095,L008
P0096,CF003,Vivek Yadav,Accused,45-54,PH0096,L007
P0097,CF028,Manav Soni,Accused,35-44,PH0097,L007
P0098,CF035,Kunal Verma,Accused,35-44,PH0098,L006
P0099,CF023,Riya Das,Accused,18-24,PH0099,L001
P0100,CF005,Ishaan Joshi,Mule,45-54,PH0100,L006
P0101,CF009,Anaya Verma,Accused,25-34,PH0101,L005
P0102,CF014,Riya Singh,Mule,25-34,PH0102,L008
P0103,CF005,Diya Jain,Accused,25-34,PH0103,L005
P0104,CF002,Nikhil Jain,Mule,25-34,PH0104,L008
P0105,CF009,Vivek Malik,Accused,35-44,PH0105,L008
P0106,CF021,Kavya Kumar,Accused,35-44,PH0106,L009
P0107,CF038,Meera Patel,Accused,35-44,PH0107,L010
P0108,CF040,Ira Mehta,Mule,35-44,PH0108,L009
P0109,CF011,Yash Das,Mule,35-44,PH0109,L004
P0110,CF036,Arjun Verma,Accused,35-44,PH0110,L002
P0111,CF021,Meera Soni,Accused,45-54,PH0111,L003
P0112,CF016,Neel Rao,Accused,35-44,PH0112,L001
P0113,CF026,Nikhil Mehta,Accused,25-34,PH0113,L010
P0114,CF026,Nikhil Joshi,Victim,35-44,PH0114,L009
P0115,CF022,Dev Jain,Mule,25-34,PH0115,L010
P0116,CF024,Vivek Malik,Accused,35-44,PH0116,L007
P0117,CF011,Anaya Malik,Suspect,25-34,PH0117,L007
P0118,CF010,Sahil Soni,Accused,45-54,PH0118,L009
P0119,CF021,Kabir Gupta,Victim,35-44,PH0119,L006
P0120,CF019,Kavya Kumar,Mule,35-44,PH0120,L008
