phone_id,sim_id,person_id,device_id,phone_number,sim_operator,activation_location_id,activation_timestamp,status
PH0001,SIM0001,P0001,D0001,9554814084,BSNL,L007,2025-08-28T00:00:00,Active
PH0002,SIM0002,P0002,D0002,9552991960,Jio,L008,2025-05-23T00:00:00,Active
PH0003,SIM0003,P0003,D0003,9536383774,BSNL,L004,2025-09-04T00:00:00,Active
PH0004,SIM0004,P0004,D0004,9266211829,Jio,L009,2025-06-01T00:00:00,Active
PH0005,SIM0005,P0005,D0005,9161073976,Airtel,L009,2025-04-06T00:00:00,Active
PH0006,SIM0006,P0006,D0006,9379995032,Jio,L007,2025-06-10T00:00:00,Active
PH0007,SIM0007,P0007,D0007,9178663096,Jio,L010,2025-09-17T00:00:00,Active
PH0008,SIM0008,P0008,D0008,9817112652,Vi,L005,2025-02-23T00:00:00,Active
PH0009,SIM0009,P0009,D0009,9369639388,Airtel,L005,2025-02-17T00:00:00,Active
PH0010,SIM0010,P0010,D0010,9220123666,Airtel,L007,2025-03-18T00:00:00,Active
PH0011,SIM0011,P0011,D0011,9325567963,Jio,L001,2025-02-22T00:00:00,Active
PH0012,SIM0012,P0012,D0012,9386480450,Jio,L007,2025-02-25T00:00:00,Active
PH0013,SIM0013,P0013,D0013,9452468587,Vi,L004,2025-02-05T00:00:00,Active
PH0014,SIM0014,P0014,D0014,9216396351,BSNL,L005,2025-06-26T00:00:00,Active
PH0015,SIM0015,P0015,D0015,9491079829,BSNL,L009,2025-02-05T00:00:00,Active
PH0016,SIM0016,P0016,D0016,9305986733,BSNL,L009,2025-07-14T00:00:00,Active
PH0017,SIM0017,P0017,D0017,9599277266,BSNL,L010,2025-08-15T00:00:00,Active
PH0018,SIM0018,P0018,D0018,9978775497,Jio,L006,2025-06-08T00:00:00,Active
PH0019,SIM0019,P0019,D0019,9871318048,BSNL,L010,2025-09-11T00:00:00,Active
PH0020,SIM0020,P0020,D0020,9230307805,BSNL,L009,2025-03-10T00:00:00,Active
PH0021,SIM0021,P0021,D0021,9772966010,Jio,L005,2025-05-21T00:00:00,Active
PH0022,SIM0022,P0022,D0022,9858511779,Jio,L007,2025-02-02T00:00:00,Active
PH0023,SIM0023,P0023,D0023,9612153089,Airtel,L001,2025-06-30T00:00:00,Active
PH0024,SIM0024,P0024,D0024,9601856351,Jio,L007,2025-11-15T00:00:00,Active
PH0025,SIM0025,P0025,D0025,9327268503,BSNL,L007,2025-06-17T00:00:00,Active
PH0026,SIM0026,P0026,D0026,9798086909,Airtel,L006,2025-01-21T00:00:00,Active
PH0027,SIM0027,P0027,D0027,9851044796,Vi,L004,2025-07-08T00:00:00,Active
PH0028,SIM0028,P0028,D0028,9867741192,Jio,L007,2025-02-08T00:00:00,Active
PH0029,SIM0029,P0029,D0029,9113585139,BSNL,L002,2025-09-08T00:00:00,Active
PH0030,SIM0030,P0030,D0030,9599154414,BSNL,L009,2025-10-31T00:00:00,Active
PH0031,SIM0031,P0031,D0031,9630757561,Vi,L006,2025-04-04T00:00:00,Active
PH0032,SIM0032,P0032,D0032,9873174285,BSNL,L002,2025-09-08T00:00:00,Active
PH0033,SIM0033,P0033,D0033,9608159580,Vi,L005,2025-08-06T00:00:00,Active
PH0034,SIM0034,P0034,D0034,9305665554,Jio,L002,2025-09-05T00:00:00,Active
PH0035,SIM0035,P0035,D0035,9148872110,Airtel,L003,2025-10-11T00:00:00,Active
PH0036,SIM0036,P0036,D0036,9612957813,Airtel,L001,2025-02-03T00:00:00,Active
PH0037,SIM0037,P0037,D0037,9932894596,BSNL,L007,2025-08-19T00:00:00,Active
PH0038,SIM0038,P0038,D0038,9357553274,Jio,L002,2025-10-10T00:00:00,Active
PH0039,SIM0039,P0039,D0039,9176428684,Jio,L005,2025-05-16T00:00:00,Active
PH0040,SIM0040,P0040,D0040,9571537429,Airtel,L005,2025-08-28T00:00:00,Active
PH0041,SIM0041,P0041,D0041,9127772220,Airtel,L006,2025-04-28T00:00:00,Active
PH0042,SIM0042,P0042,D0042,9197970787,BSNL,L007,2025-06-28T00:00:00,Active
PH0043,SIM0043,P0043,D0043,9588365604,Airtel,L009,2025-06-11T00:00:00,Active
PH0044,SIM0044,P0044,D0044,9771527524,BSNL,L006,2025-01-27T00:00:00,Active
PH0045,SIM0045,P0045,D0045,9433665422,Airtel,L004,2025-10-10T00:00:00,Active
PH0046,SIM0046,P0046,D0046,9996278008,BSNL,L005,2025-08-30T00:00:00,Active
PH0047,SIM0047,P0047,D0047,9945805127,Vi,L007,2025-01-02T00:00:00,Active
PH0048,SIM0048,P0048,D0048,9588922557,Vi,L009,2025-04-07T00:00:00,Active
PH0049,SIM0049,P0049,D0049,9812630453,Jio,L007,2025-09-11T00:00:00,Active
PH0050,SIM0050,P0050,D0050,9180346223,BSNL,L007,2025-05-16T00:00:00,Active
PH0051,SIM0051,P0051,D0051,9901834280,Airtel,L005,2025-08-11T00:00:00,Active
PH0052,SIM0052,P0052,D0052,9362204999,BSNL,L007,2025-10-17T00:00:00,Active
PH0053,SIM0053,P0053,D0053,9349310440,BSNL,L010,2025-11-23T00:00:00,Active
PH0054,SIM0054,P0054,D0054,9786055206,BSNL,L010,2025-05-09T00:00:00,Active
PH0055,SIM0055,P0055,D0055,9991246046,BSNL,L005,2025-05-21T00:00:00,Active
PH0056,SIM0056,P0056,D0056,9773728014,Airtel,L003,2025-06-08T00:00:00,Active
PH0057,SIM0057,P0057,D0057,9669998399,Vi,L003,2025-03-26T00:00:00,Active
PH0058,SIM0058,P0058,D0058,9196961971,BSNL,L007,2025-01-08T00:00:00,Active
PH0059,SIM0059,P0059,D0059,9755070775,Jio,L001,2025-02-02T00:00:00,Active
PH0060,SIM0060,P0060,D0060,9517305280,BSNL,L004,2025-07-09T00:00:00,Active
PH0061,SIM0061,P0061,D0061,9841183219,Vi,L005,2025-04-22T00:00:00,Active
PH0062,SIM0062,P0062,D0062,9231167999,BSNL,L005,2025-02-16T00:00:00,Active
PH0063,SIM0063,P0063,D0063,9729624046,Jio,L009,2025-04-30T00:00:00,Active
PH0064,SIM0064,P0064,D0064,9115956152,Vi,L001,2025-05-02T00:00:00,Active
PH0065,SIM0065,P0065,D0065,9935389432,Vi,L008,2025-09-20T00:00:00,Active
PH0066,SIM0066,P0066,D0066,9531233244,BSNL,L001,2025-02-25T00:00:00,Active
PH0067,SIM0067,P0067,D0067,9508992977,Vi,L010,2025-08-21T00:00:00,Active
PH0068,SIM0068,P0068,D0068,9883415470,Airtel,L007,2025-06-10T00:00:00,Active
PH0069,SIM0069,P0069,D0069,9899496315,Vi,L007,2025-03-08T00:00:00,Active
PH0070,SIM0070,P0070,D0070,9477577220,Airtel,L010,2025-10-23T00:00:00,Active
PH0071,SIM0071,P0071,D0071,9966747347,BSNL,L010,2025-10-15T00:00:00,Active
PH0072,SIM0072,P0072,D0072,9174716780,Jio,L003,2025-11-21T00:00:00,Active
PH0073,SIM0073,P0073,D0073,9156488296,Jio,L006,2025-03-22T00:00:00,Active
PH0074,SIM0074,P0074,D0074,9470626529,BSNL,L004,2025-02-26T00:00:00,Active
PH0075,SIM0075,P0075,D0075,9920511515,Vi,L004,2025-05-29T00:00:00,Active
PH0076,SIM0076,P0076,D0076,9177390472,BSNL,L009,2025-01-22T00:00:00,Active
PH0077,SIM0077,P0077,D0077,9534900128,Airtel,L005,2025-06-16T00:00:00,Active
PH0078,SIM0078,P0078,D0078,9900801837,Vi,L007,2025-04-24T00:00:00,Active
PH0079,SIM0079,P0079,D0079,9746820987,Jio,L004,2025-02-08T00:00:00,Active
PH0080,SIM0080,P0080,D0080,9735032128,Airtel,L005,2025-06-30T00:00:00,Active
PH0081,SIM0081,P0081,D0081,9596832859,Airtel,L002,2025-08-19T00:00:00,Active
PH0082,SIM0082,P0082,D0082,9366012797,BSNL,L003,2025-08-13T00:00:00,Active
PH0083,SIM0083,P0083,D0083,9454002758,Airtel,L006,2025-10-13T00:00:00,Active
PH0084,SIM0084,P0084,D0084,9238460786,Airtel,L005,2025-06-08T00:00:00,Active
PH0085,SIM0085,P0085,D0085,9466932310,BSNL,L003,2025-04-09T00:00:00,Active
PH0086,SIM0086,P0086,D0086,9741288486,BSNL,L006,2025-03-20T00:00:00,Active
PH0087,SIM0087,P0087,D0087,9673390109,Jio,L008,2025-06-08T00:00:00,Active
PH0088,SIM0088,P0088,D0088,9368438908,Airtel,L004,2025-11-25T00:00:00,Active
PH0089,SIM0089,P0089,D0089,9198476695,Jio,L003,2025-08-19T00:00:00,Active
PH0090,SIM0090,P0090,D0090,9206389694,Vi,L001,2025-03-16T00:00:00,Active
PH0091,SIM0091,P0091,D0091,9331557515,Jio,L001,2025-10-08T00:00:00,Active
PH0092,SIM0092,P0092,D0092,9167438668,Airtel,L010,2025-09-13T00:00:00,Active
PH0093,SIM0093,P0093,D0093,9813363254,Airtel,L007,2025-09-26T00:00:00,Active
PH0094,SIM0094,P0094,D0094,9470228863,Jio,L006,2025-11-18T00:00:00,Active
PH0095,SIM0095,P0095,D0095,9971339002,Jio,L008,2025-02-02T00:00:00,Active
PH0096,SIM0096,P0096,D0096,9371993587,Airtel,L007,2025-04-08T00:00:00,Active
PH0097,SIM0097,P0097,D0097,9300593456,BSNL,L007,2025-09-12T00:00:00,Active
PH0098,SIM0098,P0098,D0098,9429097422,BSNL,L006,2025-11-05T00:00:00,Active
PH0099,SIM0099,P0099,D0099,9820678212,BSNL,L001,2025-07-06T00:00:00,Active
PH0100,SIM0100,P0100,D0100,9709074302,Airtel,L006,2025-11-06T00:00:00,Active
PH0101,SIM0101,P0101,D0101,9221814525,Airtel,L005,2025-04-06T00:00:00,Active
PH0102,SIM0102,P0102,D0102,9231680929,Jio,L008,2025-02-07T00:00:00,Active
PH0103,SIM0103,P0103,D0103,9864299201,Jio,L005,2025-07-05T00:00:00,Active
PH0104,SIM0104,P0104,D0104,9757074545,Airtel,L008,2025-02-03T00:00:00,Active
PH0105,SIM0105,P0105,D0105,9237798236,Jio,L008,2025-03-08T00:00:00,Active
PH0106,SIM0106,P0106,D0106,9184675178,Vi,L009,2025-04-11T00:00:00,Active
PH0107,SIM0107,P0107,D0107,9705180256,Airtel,L010,2025-01-15T00:00:00,Active
PH0108,SIM0108,P0108,D0108,9789242701,Vi,L009,2025-09-05T00:00:00,Active
PH0109,SIM0109,P0109,D0109,9751396498,Jio,L004,2025-06-10T00:00:00,Active
PH0110,SIM0110,P0110,D0110,9582750043,Jio,L002,2025-03-14T00:00:00,Active
PH0111,SIM0111,P0111,D0111,9652681586,BSNL,L003,2025-09-13T00:00:00,Active
PH0112,SIM0112,P0112,D0112,9631388604,BSNL,L001,2025-05-27T00:00:00,Active
PH0113,SIM0113,P0113,D0113,9489256938,Vi,L010,2025-02-07T00:00:00,Active
PH0114,SIM0114,P0114,D0114,9910637681,Jio,L009,2025-04-12T00:00:00,Active
PH0115,SIM0115,P0115,D0115,9452150647,Vi,L010,2025-03-25T00:00:00,Active
PH0116,SIM0116,P0116,D0116,9955508961,Airtel,L007,2025-11-02T00:00:00,Active
PH0117,SIM0117,P0117,D0117,9982252092,Jio,L007,2025-01-17T00:00:00,Active
PH0118,SIM0118,P0118,D0118,9890099255,Airtel,L009,2025-03-12T00:00:00,Active
PH0119,SIM0119,P0119,D0119,9825708356,Vi,L006,2025-11-09T00:00:00,Active
PH0120,SIM0120,P0120,D0120,9615185000,Vi,L008,2025-10-14T00:00:00,Active
