relationship_id,case_id,source_id,source_type,relationship,target_id,target_type,basis
R00001,CF027,P0001,PERSON,USES,PH0001,PHONE,synthetic_link
R00001,CF027,PH0001,PHONE,INSERTED_IN,D0001,DEVICE,synthetic_link
R00001,CF027,P0001,PERSON,CONTROLS,A0001,ACCOUNT,synthetic_link
R00004,CF007,P0002,PERSON,USES,PH0002,PHONE,synthetic_link
R00004,CF007,PH0002,PHONE,INSERTED_IN,D0002,DEVICE,synthetic_link
R00004,CF007,P0002,PERSON,CONTROLS,A0002,ACCOUNT,synthetic_link
R00007,CF001,P0003,PERSON,USES,PH0003,PHONE,synthetic_link
R00007,CF001,PH0003,PHONE,INSERTED_IN,D0003,DEVICE,synthetic_link
R00007,CF001,P0003,PERSON,CONTROLS,A0003,ACCOUNT,synthetic_link
R00010,CF017,P0004,PERSON,USES,PH0004,PHONE,synthetic_link
R00010,CF017,PH0004,PHONE,INSERTED_IN,D0004,DEVICE,synthetic_link
R00010,CF017,P0004,PERSON,CONTROLS,A0004,ACCOUNT,synthetic_link
R00013,CF038,P0005,PERSON,USES,PH0005,PHONE,synthetic_link
R00013,CF038,PH0005,PHONE,INSERTED_IN,D0005,DEVICE,synthetic_link
R00013,CF038,P0005,PERSON,CONTROLS,A0005,ACCOUNT,synthetic_link
R00016,CF038,P0006,PERSON,USES,PH0006,PHONE,synthetic_link
R00016,CF038,PH0006,PHONE,INSERTED_IN,D0006,DEVICE,synthetic_link
R00016,CF038,P0006,PERSON,CONTROLS,A0006,ACCOUNT,synthetic_link
R00019,CF005,P0007,PERSON,USES,PH0007,PHONE,synthetic_link
R00019,CF005,PH0007,PHONE,INSERTED_IN,D0007,DEVICE,synthetic_link
R00019,CF005,P0007,PERSON,CONTROLS,A0007,ACCOUNT,synthetic_link
R00022,CF011,P0008,PERSON,USES,PH0008,PHONE,synthetic_link
R00022,CF011,PH0008,PHONE,INSERTED_IN,D0008,DEVICE,synthetic_link
R00022,CF011,P0008,PERSON,CONTROLS,A0008,ACCOUNT,synthetic_link
R00025,CF039,P0009,PERSON,USES,PH0009,PHONE,synthetic_link
R00025,CF039,PH0009,PHONE,INSERTED_IN,D0009,DEVICE,synthetic_link
R00025,CF039,P0009,PERSON,CONTROLS,A0009,ACCOUNT,synthetic_link
R00028,CF017,P0010,PERSON,USES,PH0010,PHONE,synthetic_link
R00028,CF017,PH0010,PHONE,INSERTED_IN,D0010,DEVICE,synthetic_link
R00028,CF017,P0010,PERSON,CONTROLS,A0010,ACCOUNT,synthetic_link
R00031,CF020,P0011,PERSON,USES,PH0011,PHONE,synthetic_link
R00031,CF020,PH0011,PHONE,INSERTED_IN,D0011,DEVICE,synthetic_link
R00031,CF020,P0011,PERSON,CONTROLS,A0011,ACCOUNT,synthetic_link
R00034,CF002,P0012,PERSON,USES,PH0012,PHONE,synthetic_link
R00034,CF002,PH0012,PHONE,INSERTED_IN,D0012,DEVICE,synthetic_link
R00034,CF002,P0012,PERSON,CONTROLS,A0012,ACCOUNT,synthetic_link
R00037,CF020,P0013,PERSON,USES,PH0013,PHONE,synthetic_link
R00037,CF020,PH0013,PHONE,INSERTED_IN,D0013,DEVICE,synthetic_link
R00037,CF020,P0013,PERSON,CONTROLS,A0013,ACCOUNT,synthetic_link
R00040,CF017,P0014,PERSON,USES,PH0014,PHONE,synthetic_link
R00040,CF017,PH0014,PHONE,INSERTED_IN,D0014,DEVICE,synthetic_link
R00040,CF017,P0014,PERSON,CONTROLS,A0014,ACCOUNT,synthetic_link
R00043,CF017,P0015,PERSON,USES,PH0015,PHONE,synthetic_link
R00043,CF017,PH0015,PHONE,INSERTED_IN,D0015,DEVICE,synthetic_link
R00043,CF017,P0015,PERSON,CONTROLS,A0015,ACCOUNT,synthetic_link
R00046,CF027,P0016,PERSON,USES,PH0016,PHONE,synthetic_link
R00046,CF027,PH0016,PHONE,INSERTED_IN,D0016,DEVICE,synthetic_link
R00046,CF027,P0016,PERSON,CONTROLS,A0016,ACCOUNT,synthetic_link
R00049,CF020,P0017,PERSON,USES,PH0017,PHONE,synthetic_link
R00049,CF020,PH0017,PHONE,INSERTED_IN,D0017,DEVICE,synthetic_link
R00049,CF020,P0017,PERSON,CONTROLS,A0017,ACCOUNT,synthetic_link
R00052,CF019,P0018,PERSON,USES,PH0018,PHONE,synthetic_link
R00052,CF019,PH0018,PHONE,INSERTED_IN,D0018,DEVICE,synthetic_link
R00052,CF019,P0018,PERSON,CONTROLS,A0018,ACCOUNT,synthetic_link
R00055,CF040,P0019,PERSON,USES,PH0019,PHONE,synthetic_link
R00055,CF040,PH0019,PHONE,INSERTED_IN,D0019,DEVICE,synthetic_link
R00055,CF040,P0019,PERSON,CONTROLS,A0019,ACCOUNT,synthetic_link
R00058,CF012,P0020,PERSON,USES,PH0020,PHONE,synthetic_link
R00058,CF012,PH0020,PHONE,INSERTED_IN,D0020,DEVICE,synthetic_link
R00058,CF012,P0020,PERSON,CONTROLS,A0020,ACCOUNT,synthetic_link
R00061,CF029,P0021,PERSON,USES,PH0021,PHONE,synthetic_link
R00061,CF029,PH0021,PHONE,INSERTED_IN,D0021,DEVICE,synthetic_link
R00061,CF029,P0021,PERSON,CONTROLS,A0021,ACCOUNT,synthetic_link
R00064,CF035,P0022,PERSON,USES,PH0022,PHONE,synthetic_link
R00064,CF035,PH0022,PHONE,INSERTED_IN,D0022,DEVICE,synthetic_link
R00064,CF035,P0022,PERSON,CONTROLS,A0022,ACCOUNT,synthetic_link
R00067,CF027,P0023,PERSON,USES,PH0023,PHONE,synthetic_link
R00067,CF027,PH0023,PHONE,INSERTED_IN,D0023,DEVICE,synthetic_link
R00067,CF027,P0023,PERSON,CONTROLS,A0023,ACCOUNT,synthetic_link
R00070,CF028,P0024,PERSON,USES,PH0024,PHONE,synthetic_link
R00070,CF028,PH0024,PHONE,INSERTED_IN,D0024,DEVICE,synthetic_link
R00070,CF028,P0024,PERSON,CONTROLS,A0024,ACCOUNT,synthetic_link
R00073,CF009,P0025,PERSON,USES,PH0025,PHONE,synthetic_link
R00073,CF009,PH0025,PHONE,INSERTED_IN,D0025,DEVICE,synthetic_link
R00073,CF009,P0025,PERSON,CONTROLS,A0025,ACCOUNT,synthetic_link
R00076,CF002,P0026,PERSON,USES,PH0026,PHONE,synthetic_link
R00076,CF002,PH0026,PHONE,INSERTED_IN,D0026,DEVICE,synthetic_link
R00076,CF002,P0026,PERSON,CONTROLS,A0026,ACCOUNT,synthetic_link
R00079,CF031,P0027,PERSON,USES,PH0027,PHONE,synthetic_link
R00079,CF031,PH0027,PHONE,INSERTED_IN,D0027,DEVICE,synthetic_link
R00079,CF031,P0027,PERSON,CONTROLS,A0027,ACCOUNT,synthetic_link
R00082,CF020,P0028,PERSON,USES,PH0028,PHONE,synthetic_link
R00082,CF020,PH0028,PHONE,INSERTED_IN,D0028,DEVICE,synthetic_link
R00082,CF020,P0028,PERSON,CONTROLS,A0028,ACCOUNT,synthetic_link
R00085,CF023,P0029,PERSON,USES,PH0029,PHONE,synthetic_link
R00085,CF023,PH0029,PHONE,INSERTED_IN,D0029,DEVICE,synthetic_link
R00085,CF023,P0029,PERSON,CONTROLS,A0029,ACCOUNT,synthetic_link
R00088,CF034,P0030,PERSON,USES,PH0030,PHONE,synthetic_link
R00088,CF034,PH0030,PHONE,INSERTED_IN,D0030,DEVICE,synthetic_link
R00088,CF034,P0030,PERSON,CONTROLS,A0030,ACCOUNT,synthetic_link
R00091,CF030,P0031,PERSON,USES,PH0031,PHONE,synthetic_link
R00091,CF030,PH0031,PHONE,INSERTED_IN,D0031,DEVICE,synthetic_link
R00091,CF030,P0031,PERSON,CONTROLS,A0031,ACCOUNT,synthetic_link
R00094,CF036,P0032,PERSON,USES,PH0032,PHONE,synthetic_link
R00094,CF036,PH0032,PHONE,INSERTED_IN,D0032,DEVICE,synthetic_link
R00094,CF036,P0032,PERSON,CONTROLS,A0032,ACCOUNT,synthetic_link
R00097,CF019,P0033,PERSON,USES,PH0033,PHONE,synthetic_link
R00097,CF019,PH0033,PHONE,INSERTED_IN,D0033,DEVICE,synthetic_link
R00097,CF019,P0033,PERSON,CONTROLS,A0033,ACCOUNT,synthetic_link
R00100,CF015,P0034,PERSON,USES,PH0034,PHONE,synthetic_link
R00100,CF015,PH0034,PHONE,INSERTED_IN,D0034,DEVICE,synthetic_link
R00100,CF015,P0034,PERSON,CONTROLS,A0034,ACCOUNT,synthetic_link
R00103,CF012,P0035,PERSON,USES,PH0035,PHONE,synthetic_link
R00103,CF012,PH0035,PHONE,INSERTED_IN,D0035,DEVICE,synthetic_link
R00103,CF012,P0035,PERSON,CONTROLS,A0035,ACCOUNT,synthetic_link
R00106,CF031,P0036,PERSON,USES,PH0036,PHONE,synthetic_link
R00106,CF031,PH0036,PHONE,INSERTED_IN,D0036,DEVICE,synthetic_link
R00106,CF031,P0036,PERSON,CONTROLS,A0036,ACCOUNT,synthetic_link
R00109,CF020,P0037,PERSON,USES,PH0037,PHONE,synthetic_link
R00109,CF020,PH0037,PHONE,INSERTED_IN,D0037,DEVICE,synthetic_link
R00109,CF020,P0037,PERSON,CONTROLS,A0037,ACCOUNT,synthetic_link
R00112,CF014,P0038,PERSON,USES,PH0038,PHONE,synthetic_link
R00112,CF014,PH0038,PHONE,INSERTED_IN,D0038,DEVICE,synthetic_link
R00112,CF014,P0038,PERSON,CONTROLS,A0038,ACCOUNT,synthetic_link
R00115,CF019,P0039,PERSON,USES,PH0039,PHONE,synthetic_link
R00115,CF019,PH0039,PHONE,INSERTED_IN,D0039,DEVICE,synthetic_link
R00115,CF019,P0039,PERSON,CONTROLS,A0039,ACCOUNT,synthetic_link
R00118,CF018,P0040,PERSON,USES,PH0040,PHONE,synthetic_link
R00118,CF018,PH0040,PHONE,INSERTED_IN,D0040,DEVICE,synthetic_link
R00118,CF018,P0040,PERSON,CONTROLS,A0040,ACCOUNT,synthetic_link
R00121,CF039,P0041,PERSON,USES,PH0041,PHONE,synthetic_link
R00121,CF039,PH0041,PHONE,INSERTED_IN,D0041,DEVICE,synthetic_link
R00121,CF039,P0041,PERSON,CONTROLS,A0041,ACCOUNT,synthetic_link
R00124,CF029,P0042,PERSON,USES,PH0042,PHONE,synthetic_link
R00124,CF029,PH0042,PHONE,INSERTED_IN,D0042,DEVICE,synthetic_link
R00124,CF029,P0042,PERSON,CONTROLS,A0042,ACCOUNT,synthetic_link
R00127,CF032,P0043,PERSON,USES,PH0043,PHONE,synthetic_link
R00127,CF032,PH0043,PHONE,INSERTED_IN,D0043,DEVICE,synthetic_link
R00127,CF032,P0043,PERSON,CONTROLS,A0043,ACCOUNT,synthetic_link
R00130,CF030,P0044,PERSON,USES,PH0044,PHONE,synthetic_link
R00130,CF030,PH0044,PHONE,INSERTED_IN,D0044,DEVICE,synthetic_link
R00130,CF030,P0044,PERSON,CONTROLS,A0044,ACCOUNT,synthetic_link
R00133,CF008,P0045,PERSON,USES,PH0045,PHONE,synthetic_link
R00133,CF008,PH0045,PHONE,INSERTED_IN,D0045,DEVICE,synthetic_link
R00133,CF008,P0045,PERSON,CONTROLS,A0045,ACCOUNT,synthetic_link
R00136,CF032,P0046,PERSON,USES,PH0046,PHONE,synthetic_link
R00136,CF032,PH0046,PHONE,INSERTED_IN,D0046,DEVICE,synthetic_link
R00136,CF032,P0046,PERSON,CONTROLS,A0046,ACCOUNT,synthetic_link
R00139,CF009,P0047,PERSON,USES,PH0047,PHONE,synthetic_link
R00139,CF009,PH0047,PHONE,INSERTED_IN,D0047,DEVICE,synthetic_link
R00139,CF009,P0047,PERSON,CONTROLS,A0047,ACCOUNT,synthetic_link
R00142,CF031,P0048,PERSON,USES,PH0048,PHONE,synthetic_link
R00142,CF031,PH0048,PHONE,INSERTED_IN,D0048,DEVICE,synthetic_link
R00142,CF031,P0048,PERSON,CONTROLS,A0048,ACCOUNT,synthetic_link
R00145,CF021,P0049,PERSON,USES,PH0049,PHONE,synthetic_link
R00145,CF021,PH0049,PHONE,INSERTED_IN,D0049,DEVICE,synthetic_link
R00145,CF021,P0049,PERSON,CONTROLS,A0049,ACCOUNT,synthetic_link
R00148,CF034,P0050,PERSON,USES,PH0050,PHONE,synthetic_link
R00148,CF034,PH0050,PHONE,INSERTED_IN,D0050,DEVICE,synthetic_link
R00148,CF034,P0050,PERSON,CONTROLS,A0050,ACCOUNT,synthetic_link
R00151,CF035,P0051,PERSON,USES,PH0051,PHONE,synthetic_link
R00151,CF035,PH0051,PHONE,INSERTED_IN,D0051,DEVICE,synthetic_link
R00151,CF035,P0051,PERSON,CONTROLS,A0051,ACCOUNT,synthetic_link
R00154,CF021,P0052,PERSON,USES,PH0052,PHONE,synthetic_link
R00154,CF021,PH0052,PHONE,INSERTED_IN,D0052,DEVICE,synthetic_link
R00154,CF021,P0052,PERSON,CONTROLS,A0052,ACCOUNT,synthetic_link
R00157,CF040,P0053,PERSON,USES,PH0053,PHONE,synthetic_link
R00157,CF040,PH0053,PHONE,INSERTED_IN,D0053,DEVICE,synthetic_link
R00157,CF040,P0053,PERSON,CONTROLS,A0053,ACCOUNT,synthetic_link
R00160,CF011,P0054,PERSON,USES,PH0054,PHONE,synthetic_link
R00160,CF011,PH0054,PHONE,INSERTED_IN,D0054,DEVICE,synthetic_link
R00160,CF011,P0054,PERSON,CONTROLS,A0054,ACCOUNT,synthetic_link
R00163,CF025,P0055,PERSON,USES,PH0055,PHONE,synthetic_link
R00163,CF025,PH0055,PHONE,INSERTED_IN,D0055,DEVICE,synthetic_link
R00163,CF025,P0055,PERSON,CONTROLS,A0055,ACCOUNT,synthetic_link
R00166,CF015,P0056,PERSON,USES,PH0056,PHONE,synthetic_link
R00166,CF015,PH0056,PHONE,INSERTED_IN,D0056,DEVICE,synthetic_link
R00166,CF015,P0056,PERSON,CONTROLS,A0056,ACCOUNT,synthetic_link
R00169,CF021,P0057,PERSON,USES,PH0057,PHONE,synthetic_link
R00169,CF021,PH0057,PHONE,INSERTED_IN,D0057,DEVICE,synthetic_link
R00169,CF021,P0057,PERSON,CONTROLS,A0057,ACCOUNT,synthetic_link
R00172,CF010,P0058,PERSON,USES,PH0058,PHONE,synthetic_link
R00172,CF010,PH0058,PHONE,INSERTED_IN,D0058,DEVICE,synthetic_link
R00172,CF010,P0058,PERSON,CONTROLS,A0058,ACCOUNT,synthetic_link
R00175,CF024,P0059,PERSON,USES,PH0059,PHONE,synthetic_link
R00175,CF024,PH0059,PHONE,INSERTED_IN,D0059,DEVICE,synthetic_link
R00175,CF024,P0059,PERSON,CONTROLS,A0059,ACCOUNT,synthetic_link
R00178,CF003,P0060,PERSON,USES,PH0060,PHONE,synthetic_link
R00178,CF003,PH0060,PHONE,INSERTED_IN,D0060,DEVICE,synthetic_link
R00178,CF003,P0060,PERSON,CONTROLS,A0060,ACCOUNT,synthetic_link
R00181,CF032,P0061,PERSON,USES,PH0061,PHONE,synthetic_link
R00181,CF032,PH0061,PHONE,INSERTED_IN,D0061,DEVICE,synthetic_link
R00181,CF032,P0061,PERSON,CONTROLS,A0061,ACCOUNT,synthetic_link
R00184,CF035,P0062,PERSON,USES,PH0062,PHONE,synthetic_link
R00184,CF035,PH0062,PHONE,INSERTED_IN,D0062,DEVICE,synthetic_link
R00184,CF035,P0062,PERSON,CONTROLS,A0062,ACCOUNT,synthetic_link
R00187,CF037,P0063,PERSON,USES,PH0063,PHONE,synthetic_link
R00187,CF037,PH0063,PHONE,INSERTED_IN,D0063,DEVICE,synthetic_link
R00187,CF037,P0063,PERSON,CONTROLS,A0063,ACCOUNT,synthetic_link
R00190,CF017,P0064,PERSON,USES,PH0064,PHONE,synthetic_link
R00190,CF017,PH0064,PHONE,INSERTED_IN,D0064,DEVICE,synthetic_link
R00190,CF017,P0064,PERSON,CONTROLS,A0064,ACCOUNT,synthetic_link
R00193,CF027,P0065,PERSON,USES,PH0065,PHONE,synthetic_link
R00193,CF027,PH0065,PHONE,INSERTED_IN,D0065,DEVICE,synthetic_link
R00193,CF027,P0065,PERSON,CONTROLS,A0065,ACCOUNT,synthetic_link
R00196,CF020,P0066,PERSON,USES,PH0066,PHONE,synthetic_link
R00196,CF020,PH0066,PHONE,INSERTED_IN,D0066,DEVICE,synthetic_link
R00196,CF020,P0066,PERSON,CONTROLS,A0066,ACCOUNT,synthetic_link
R00199,CF005,P0067,PERSON,USES,PH0067,PHONE,synthetic_link
R00199,CF005,PH0067,PHONE,INSERTED_IN,D0067,DEVICE,synthetic_link
R00199,CF005,P0067,PERSON,CONTROLS,A0067,ACCOUNT,synthetic_link
R00202,CF015,P0068,PERSON,USES,PH0068,PHONE,synthetic_link
R00202,CF015,PH0068,PHONE,INSERTED_IN,D0068,DEVICE,synthetic_link
R00202,CF015,P0068,PERSON,CONTROLS,A0068,ACCOUNT,synthetic_link
R00205,CF005,P0069,PERSON,USES,PH0069,PHONE,synthetic_link
R00205,CF005,PH0069,PHONE,INSERTED_IN,D0069,DEVICE,synthetic_link
R00205,CF005,P0069,PERSON,CONTROLS,A0069,ACCOUNT,synthetic_link
R00208,CF028,P0070,PERSON,USES,PH0070,PHONE,synthetic_link
R00208,CF028,PH0070,PHONE,INSERTED_IN,D0070,DEVICE,synthetic_link
R00208,CF028,P0070,PERSON,CONTROLS,A0070,ACCOUNT,synthetic_link
R00211,CF036,P0071,PERSON,USES,PH0071,PHONE,synthetic_link
R00211,CF036,PH0071,PHONE,INSERTED_IN,D0071,DEVICE,synthetic_link
R00211,CF036,P0071,PERSON,CONTROLS,A0071,ACCOUNT,synthetic_link
R00214,CF022,P0072,PERSON,USES,PH0072,PHONE,synthetic_link
R00214,CF022,PH0072,PHONE,INSERTED_IN,D0072,DEVICE,synthetic_link
R00214,CF022,P0072,PERSON,CONTROLS,A0072,ACCOUNT,synthetic_link
R00217,CF022,P0073,PERSON,USES,PH0073,PHONE,synthetic_link
R00217,CF022,PH0073,PHONE,INSERTED_IN,D0073,DEVICE,synthetic_link
R00217,CF022,P0073,PERSON,CONTROLS,A0073,ACCOUNT,synthetic_link
R00220,CF032,P0074,PERSON,USES,PH0074,PHONE,synthetic_link
R00220,CF032,PH0074,PHONE,INSERTED_IN,D0074,DEVICE,synthetic_link
R00220,CF032,P0074,PERSON,CONTROLS,A0074,ACCOUNT,synthetic_link
R00223,CF039,P0075,PERSON,USES,PH0075,PHONE,synthetic_link
R00223,CF039,PH0075,PHONE,INSERTED_IN,D0075,DEVICE,synthetic_link
R00223,CF039,P0075,PERSON,CONTROLS,A0075,ACCOUNT,synthetic_link
R00226,CF025,P0076,PERSON,USES,PH0076,PHONE,synthetic_link
R00226,CF025,PH0076,PHONE,INSERTED_IN,D0076,DEVICE,synthetic_link
R00226,CF025,P0076,PERSON,CONTROLS,A0076,ACCOUNT,synthetic_link
R00229,CF037,P0077,PERSON,USES,PH0077,PHONE,synthetic_link
R00229,CF037,PH0077,PHONE,INSERTED_IN,D0077,DEVICE,synthetic_link
R00229,CF037,P0077,PERSON,CONTROLS,A0077,ACCOUNT,synthetic_link
R00232,CF028,P0078,PERSON,USES,PH0078,PHONE,synthetic_link
R00232,CF028,PH0078,PHONE,INSERTED_IN,D0078,DEVICE,synthetic_link
R00232,CF028,P0078,PERSON,CONTROLS,A0078,ACCOUNT,synthetic_link
R00235,CF010,P0079,PERSON,USES,PH0079,PHONE,synthetic_link
R00235,CF010,PH0079,PHONE,INSERTED_IN,D0079,DEVICE,synthetic_link
R00235,CF010,P0079,PERSON,CONTROLS,A0079,ACCOUNT,synthetic_link
R00238,CF010,P0080,PERSON,USES,PH0080,PHONE,synthetic_link
R00238,CF010,PH0080,PHONE,INSERTED_IN,D0080,DEVICE,synthetic_link
R00238,CF010,P0080,PERSON,CONTROLS,A0080,ACCOUNT,synthetic_link
R00241,CF024,P0081,PERSON,USES,PH0081,PHONE,synthetic_link
R00241,CF024,PH0081,PHONE,INSERTED_IN,D0081,DEVICE,synthetic_link
R00241,CF024,P0081,PERSON,CONTROLS,A0081,ACCOUNT,synthetic_link
R00244,CF007,P0082,PERSON,USES,PH0082,PHONE,synthetic_link
R00244,CF007,PH0082,PHONE,INSERTED_IN,D0082,DEVICE,synthetic_link
R00244,CF007,P0082,PERSON,CONTROLS,A0082,ACCOUNT,synthetic_link
R00247,CF022,P0083,PERSON,USES,PH0083,PHONE,synthetic_link
R00247,CF022,PH0083,PHONE,INSERTED_IN,D0083,DEVICE,synthetic_link
R00247,CF022,P0083,PERSON,CONTROLS,A0083,ACCOUNT,synthetic_link
R00250,CF038,P0084,PERSON,USES,PH0084,PHONE,synthetic_link
R00250,CF038,PH0084,PHONE,INSERTED_IN,D0084,DEVICE,synthetic_link
R00250,CF038,P0084,PERSON,CONTROLS,A0084,ACCOUNT,synthetic_link
R00253,CF033,P0085,PERSON,USES,PH0085,PHONE,synthetic_link
R00253,CF033,PH0085,PHONE,INSERTED_IN,D0085,DEVICE,synthetic_link
R00253,CF033,P0085,PERSON,CONTROLS,A0085,ACCOUNT,synthetic_link
R00256,CF035,P0086,PERSON,USES,PH0086,PHONE,synthetic_link
R00256,CF035,PH0086,PHONE,INSERTED_IN,D0086,DEVICE,synthetic_link
R00256,CF035,P0086,PERSON,CONTROLS,A0086,ACCOUNT,synthetic_link
R00259,CF016,P0087,PERSON,USES,PH0087,PHONE,synthetic_link
R00259,CF016,PH0087,PHONE,INSERTED_IN,D0087,DEVICE,synthetic_link
R00259,CF016,P0087,PERSON,CONTROLS,A0087,ACCOUNT,synthetic_link
R00262,CF033,P0088,PERSON,USES,PH0088,PHONE,synthetic_link
R00262,CF033,PH0088,PHONE,INSERTED_IN,D0088,DEVICE,synthetic_link
R00262,CF033,P0088,PERSON,CONTROLS,A0088,ACCOUNT,synthetic_link
R00265,CF011,P0089,PERSON,USES,PH0089,PHONE,synthetic_link
R00265,CF011,PH0089,PHONE,INSERTED_IN,D0089,DEVICE,synthetic_link
R00265,CF011,P0089,PERSON,CONTROLS,A0089,ACCOUNT,synthetic_link
R00268,CF016,P0090,PERSON,USES,PH0090,PHONE,synthetic_link
R00268,CF016,PH0090,PHONE,INSERTED_IN,D0090,DEVICE,synthetic_link
R00268,CF016,P0090,PERSON,CONTROLS,A0090,ACCOUNT,synthetic_link
R00271,CF029,P0091,PERSON,USES,PH0091,PHONE,synthetic_link
R00271,CF029,PH0091,PHONE,INSERTED_IN,D0091,DEVICE,synthetic_link
R00271,CF029,P0091,PERSON,CONTROLS,A0091,ACCOUNT,synthetic_link
R00274,CF004,P0092,PERSON,USES,PH0092,PHONE,synthetic_link
R00274,CF004,PH0092,PHONE,INSERTED_IN,D0092,DEVICE,synthetic_link
R00274,CF004,P0092,PERSON,CONTROLS,A0092,ACCOUNT,synthetic_link
R00277,CF001,P0093,PERSON,USES,PH0093,PHONE,synthetic_link
R00277,CF001,PH0093,PHONE,INSERTED_IN,D0093,DEVICE,synthetic_link
R00277,CF001,P0093,PERSON,CONTROLS,A0093,ACCOUNT,synthetic_link
R00280,CF025,P0094,PERSON,USES,PH0094,PHONE,synthetic_link
R00280,CF025,PH0094,PHONE,INSERTED_IN,D0094,DEVICE,synthetic_link
R00280,CF025,P0094,PERSON,CONTROLS,A0094,ACCOUNT,synthetic_link
R00283,CF012,P0095,PERSON,USES,PH0095,PHONE,synthetic_link
R00283,CF012,PH0095,PHONE,INSERTED_IN,D0095,DEVICE,synthetic_link
R00283,CF012,P0095,PERSON,CONTROLS,A0095,ACCOUNT,synthetic_link
R00286,CF003,P0096,PERSON,USES,PH0096,PHONE,synthetic_link
R00286,CF003,PH0096,PHONE,INSERTED_IN,D0096,DEVICE,synthetic_link
R00286,CF003,P0096,PERSON,CONTROLS,A0096,ACCOUNT,synthetic_link
R00289,CF028,P0097,PERSON,USES,PH0097,PHONE,synthetic_link
R00289,CF028,PH0097,PHONE,INSERTED_IN,D0097,DEVICE,synthetic_link
R00289,CF028,P0097,PERSON,CONTROLS,A0097,ACCOUNT,synthetic_link
R00292,CF035,P0098,PERSON,USES,PH0098,PHONE,synthetic_link
R00292,CF035,PH0098,PHONE,INSERTED_IN,D0098,DEVICE,synthetic_link
R00292,CF035,P0098,PERSON,CONTROLS,A0098,ACCOUNT,synthetic_link
R00295,CF023,P0099,PERSON,USES,PH0099,PHONE,synthetic_link
R00295,CF023,PH0099,PHONE,INSERTED_IN,D0099,DEVICE,synthetic_link
R00295,CF023,P0099,PERSON,CONTROLS,A0099,ACCOUNT,synthetic_link
R00298,CF005,P0100,PERSON,USES,PH0100,PHONE,synthetic_link
R00298,CF005,PH0100,PHONE,INSERTED_IN,D0100,DEVICE,synthetic_link
R00298,CF005,P0100,PERSON,CONTROLS,A0100,ACCOUNT,synthetic_link
R00301,CF009,P0101,PERSON,USES,PH0101,PHONE,synthetic_link
R00301,CF009,PH0101,PHONE,INSERTED_IN,D0101,DEVICE,synthetic_link
R00301,CF009,P0101,PERSON,CONTROLS,A0101,ACCOUNT,synthetic_link
R00304,CF014,P0102,PERSON,USES,PH0102,PHONE,synthetic_link
R00304,CF014,PH0102,PHONE,INSERTED_IN,D0102,DEVICE,synthetic_link
R00304,CF014,P0102,PERSON,CONTROLS,A0102,ACCOUNT,synthetic_link
R00307,CF005,P0103,PERSON,USES,PH0103,PHONE,synthetic_link
R00307,CF005,PH0103,PHONE,INSERTED_IN,D0103,DEVICE,synthetic_link
R00307,CF005,P0103,PERSON,CONTROLS,A0103,ACCOUNT,synthetic_link
R00310,CF002,P0104,PERSON,USES,PH0104,PHONE,synthetic_link
R00310,CF002,PH0104,PHONE,INSERTED_IN,D0104,DEVICE,synthetic_link
R00310,CF002,P0104,PERSON,CONTROLS,A0104,ACCOUNT,synthetic_link
R00313,CF009,P0105,PERSON,USES,PH0105,PHONE,synthetic_link
R00313,CF009,PH0105,PHONE,INSERTED_IN,D0105,DEVICE,synthetic_link
R00313,CF009,P0105,PERSON,CONTROLS,A0105,ACCOUNT,synthetic_link
R00316,CF021,P0106,PERSON,USES,PH0106,PHONE,synthetic_link
R00316,CF021,PH0106,PHONE,INSERTED_IN,D0106,DEVICE,synthetic_link
R00316,CF021,P0106,PERSON,CONTROLS,A0106,ACCOUNT,synthetic_link
R00319,CF038,P0107,PERSON,USES,PH0107,PHONE,synthetic_link
R00319,CF038,PH0107,PHONE,INSERTED_IN,D0107,DEVICE,synthetic_link
R00319,CF038,P0107,PERSON,CONTROLS,A0107,ACCOUNT,synthetic_link
R00322,CF040,P0108,PERSON,USES,PH0108,PHONE,synthetic_link
R00322,CF040,PH0108,PHONE,INSERTED_IN,D0108,DEVICE,synthetic_link
R00322,CF040,P0108,PERSON,CONTROLS,A0108,ACCOUNT,synthetic_link
R00325,CF011,P0109,PERSON,USES,PH0109,PHONE,synthetic_link
R00325,CF011,PH0109,PHONE,INSERTED_IN,D0109,DEVICE,synthetic_link
R00325,CF011,P0109,PERSON,CONTROLS,A0109,ACCOUNT,synthetic_link
R00328,CF036,P0110,PERSON,USES,PH0110,PHONE,synthetic_link
R00328,CF036,PH0110,PHONE,INSERTED_IN,D0110,DEVICE,synthetic_link
R00328,CF036,P0110,PERSON,CONTROLS,A0110,ACCOUNT,synthetic_link
R00331,CF021,P0111,PERSON,USES,PH0111,PHONE,synthetic_link
R00331,CF021,PH0111,PHONE,INSERTED_IN,D0111,DEVICE,synthetic_link
R00331,CF021,P0111,PERSON,CONTROLS,A0111,ACCOUNT,synthetic_link
R00334,CF016,P0112,PERSON,USES,PH0112,PHONE,synthetic_link
R00334,CF016,PH0112,PHONE,INSERTED_IN,D0112,DEVICE,synthetic_link
R00334,CF016,P0112,PERSON,CONTROLS,A0112,ACCOUNT,synthetic_link
R00337,CF026,P0113,PERSON,USES,PH0113,PHONE,synthetic_link
R00337,CF026,PH0113,PHONE,INSERTED_IN,D0113,DEVICE,synthetic_link
R00337,CF026,P0113,PERSON,CONTROLS,A0113,ACCOUNT,synthetic_link
R00340,CF026,P0114,PERSON,USES,PH0114,PHONE,synthetic_link
R00340,CF026,PH0114,PHONE,INSERTED_IN,D0114,DEVICE,synthetic_link
R00340,CF026,P0114,PERSON,CONTROLS,A0114,ACCOUNT,synthetic_link
R00343,CF022,P0115,PERSON,USES,PH0115,PHONE,synthetic_link
R00343,CF022,PH0115,PHONE,INSERTED_IN,D0115,DEVICE,synthetic_link
R00343,CF022,P0115,PERSON,CONTROLS,A0115,ACCOUNT,synthetic_link
R00346,CF024,P0116,PERSON,USES,PH0116,PHONE,synthetic_link
R00346,CF024,PH0116,PHONE,INSERTED_IN,D0116,DEVICE,synthetic_link
R00346,CF024,P0116,PERSON,CONTROLS,A0116,ACCOUNT,synthetic_link
R00349,CF011,P0117,PERSON,USES,PH0117,PHONE,synthetic_link
R00349,CF011,PH0117,PHONE,INSERTED_IN,D0117,DEVICE,synthetic_link
R00349,CF011,P0117,PERSON,CONTROLS,A0117,ACCOUNT,synthetic_link
R00352,CF010,P0118,PERSON,USES,PH0118,PHONE,synthetic_link
R00352,CF010,PH0118,PHONE,INSERTED_IN,D0118,DEVICE,synthetic_link
R00352,CF010,P0118,PERSON,CONTROLS,A0118,ACCOUNT,synthetic_link
R00355,CF021,P0119,PERSON,USES,PH0119,PHONE,synthetic_link
R00355,CF021,PH0119,PHONE,INSERTED_IN,D0119,DEVICE,synthetic_link
R00355,CF021,P0119,PERSON,CONTROLS,A0119,ACCOUNT,synthetic_link
R00358,CF019,P0120,PERSON,USES,PH0120,PHONE,synthetic_link
R00358,CF019,PH0120,PHONE,INSERTED_IN,D0120,DEVICE,synthetic_link
R00358,CF019,P0120,PERSON,CONTROLS,A0120,ACCOUNT,synthetic_link
R00361,CF010,A0038,ACCOUNT,TRANSFERRED_TO,A0006,ACCOUNT,synthetic_transaction
R00362,CF014,A0026,ACCOUNT,TRANSFERRED_TO,A0106,ACCOUNT,synthetic_transaction
R00363,CF007,A0079,ACCOUNT,TRANSFERRED_TO,A0095,ACCOUNT,synthetic_transaction
R00364,CF004,A0013,ACCOUNT,TRANSFERRED_TO,A0053,ACCOUNT,synthetic_transaction
R00365,CF036,A0119,ACCOUNT,TRANSFERRED_TO,A0021,ACCOUNT,synthetic_transaction
R00366,CF019,A0042,ACCOUNT,TRANSFERRED_TO,A0037,ACCOUNT,synthetic_transaction
R00367,CF003,A0117,ACCOUNT,TRANSFERRED_TO,A0118,ACCOUNT,synthetic_transaction
R00368,CF032,A0024,ACCOUNT,TRANSFERRED_TO,A0120,ACCOUNT,synthetic_transaction
R00369,CF019,A0059,ACCOUNT,TRANSFERRED_TO,A0083,ACCOUNT,synthetic_transaction
R00370,CF013,A0104,ACCOUNT,TRANSFERRED_TO,A0015,ACCOUNT,synthetic_transaction
R00371,CF001,A0095,ACCOUNT,TRANSFERRED_TO,A0044,ACCOUNT,synthetic_transaction
R00372,CF033,A0042,ACCOUNT,TRANSFERRED_TO,A0012,ACCOUNT,synthetic_transaction
R00373,CF016,A0001,ACCOUNT,TRANSFERRED_TO,A0034,ACCOUNT,synthetic_transaction
R00374,CF037,A0002,ACCOUNT,TRANSFERRED_TO,A0034,ACCOUNT,synthetic_transaction
R00375,CF020,A0021,ACCOUNT,TRANSFERRED_TO,A0052,ACCOUNT,synthetic_transaction
R00376,CF040,A0029,ACCOUNT,TRANSFERRED_TO,A0018,ACCOUNT,synthetic_transaction
R00377,CF014,A0098,ACCOUNT,TRANSFERRED_TO,A0032,ACCOUNT,synthetic_transaction
R00378,CF037,A0015,ACCOUNT,TRANSFERRED_TO,A0008,ACCOUNT,synthetic_transaction
R00379,CF021,A0110,ACCOUNT,TRANSFERRED_TO,A0067,ACCOUNT,synthetic_transaction
R00380,CF033,A0058,ACCOUNT,TRANSFERRED_TO,A0104,ACCOUNT,synthetic_transaction
R00381,CF037,A0008,ACCOUNT,TRANSFERRED_TO,A0072,ACCOUNT,synthetic_transaction
R00382,CF001,A0096,ACCOUNT,TRANSFERRED_TO,A0028,ACCOUNT,synthetic_transaction
R00383,CF035,A0008,ACCOUNT,TRANSFERRED_TO,A0120,ACCOUNT,synthetic_transaction
R00384,CF024,A0115,ACCOUNT,TRANSFERRED_TO,A0049,ACCOUNT,synthetic_transaction
R00385,CF008,A0023,ACCOUNT,TRANSFERRED_TO,A0069,ACCOUNT,synthetic_transaction
R00386,CF030,A0087,ACCOUNT,TRANSFERRED_TO,A0093,ACCOUNT,synthetic_transaction
R00387,CF030,A0045,ACCOUNT,TRANSFERRED_TO,A0020,ACCOUNT,synthetic_transaction
R00388,CF002,A0031,ACCOUNT,TRANSFERRED_TO,A0027,ACCOUNT,synthetic_transaction
R00389,CF003,A0052,ACCOUNT,TRANSFERRED_TO,A0057,ACCOUNT,synthetic_transaction
R00390,CF037,A0041,ACCOUNT,TRANSFERRED_TO,A0074,ACCOUNT,synthetic_transaction
R00391,CF015,A0053,ACCOUNT,TRANSFERRED_TO,A0039,ACCOUNT,synthetic_transaction
R00392,CF032,A0007,ACCOUNT,TRANSFERRED_TO,A0045,ACCOUNT,synthetic_transaction
R00393,CF027,A0020,ACCOUNT,TRANSFERRED_TO,A0039,ACCOUNT,synthetic_transaction
R00394,CF015,A0039,ACCOUNT,TRANSFERRED_TO,A0110,ACCOUNT,synthetic_transaction
R00395,CF027,A0054,ACCOUNT,TRANSFERRED_TO,A0072,ACCOUNT,synthetic_transaction
R00396,CF029,A0109,ACCOUNT,TRANSFERRED_TO,A0048,ACCOUNT,synthetic_transaction
R00397,CF039,A0006,ACCOUNT,TRANSFERRED_TO,A0112,ACCOUNT,synthetic_transaction
R00398,CF014,A0112,ACCOUNT,TRANSFERRED_TO,A0117,ACCOUNT,synthetic_transaction
R00399,CF031,A0118,ACCOUNT,TRANSFERRED_TO,A0032,ACCOUNT,synthetic_transaction
R00400,CF021,A0100,ACCOUNT,TRANSFERRED_TO,A0037,ACCOUNT,synthetic_transaction
R00401,CF032,A0060,ACCOUNT,TRANSFERRED_TO,A0013,ACCOUNT,synthetic_transaction
R00402,CF037,A0111,ACCOUNT,TRANSFERRED_TO,A0029,ACCOUNT,synthetic_transaction
R00403,CF010,A0026,ACCOUNT,TRANSFERRED_TO,A0043,ACCOUNT,synthetic_transaction
R00404,CF032,A0093,ACCOUNT,TRANSFERRED_TO,A0083,ACCOUNT,synthetic_transaction
R00405,CF035,A0083,ACCOUNT,TRANSFERRED_TO,A0008,ACCOUNT,synthetic_transaction
R00406,CF027,A0018,ACCOUNT,TRANSFERRED_TO,A0108,ACCOUNT,synthetic_transaction
R00407,CF004,A0080,ACCOUNT,TRANSFERRED_TO,A0082,ACCOUNT,synthetic_transaction
R00408,CF001,A0069,ACCOUNT,TRANSFERRED_TO,A0071,ACCOUNT,synthetic_transaction
R00409,CF019,A0003,ACCOUNT,TRANSFERRED_TO,A0065,ACCOUNT,synthetic_transaction
R00410,CF010,A0031,ACCOUNT,TRANSFERRED_TO,A0025,ACCOUNT,synthetic_transaction
R00411,CF024,A0052,ACCOUNT,TRANSFERRED_TO,A0059,ACCOUNT,synthetic_transaction
R00412,CF006,A0052,ACCOUNT,TRANSFERRED_TO,A0049,ACCOUNT,synthetic_transaction
R00413,CF032,A0109,ACCOUNT,TRANSFERRED_TO,A0056,ACCOUNT,synthetic_transaction
R00414,CF014,A0116,ACCOUNT,TRANSFERRED_TO,A0112,ACCOUNT,synthetic_transaction
R00415,CF035,A0073,ACCOUNT,TRANSFERRED_TO,A0085,ACCOUNT,synthetic_transaction
R00416,CF010,A0097,ACCOUNT,TRANSFERRED_TO,A0106,ACCOUNT,synthetic_transaction
R00417,CF025,A0087,ACCOUNT,TRANSFERRED_TO,A0115,ACCOUNT,synthetic_transaction
R00418,CF023,A0007,ACCOUNT,TRANSFERRED_TO,A0013,ACCOUNT,synthetic_transaction
R00419,CF002,A0082,ACCOUNT,TRANSFERRED_TO,A0035,ACCOUNT,synthetic_transaction
R00420,CF012,A0088,ACCOUNT,TRANSFERRED_TO,A0075,ACCOUNT,synthetic_transaction
R00421,CF018,A0020,ACCOUNT,TRANSFERRED_TO,A0049,ACCOUNT,synthetic_transaction
R00422,CF007,A0012,ACCOUNT,TRANSFERRED_TO,A0001,ACCOUNT,synthetic_transaction
R00423,CF028,A0058,ACCOUNT,TRANSFERRED_TO,A0072,ACCOUNT,synthetic_transaction
R00424,CF006,A0077,ACCOUNT,TRANSFERRED_TO,A0101,ACCOUNT,synthetic_transaction
R00425,CF016,A0074,ACCOUNT,TRANSFERRED_TO,A0067,ACCOUNT,synthetic_transaction
R00426,CF032,A0019,ACCOUNT,TRANSFERRED_TO,A0009,ACCOUNT,synthetic_transaction
R00427,CF005,A0047,ACCOUNT,TRANSFERRED_TO,A0033,ACCOUNT,synthetic_transaction
R00428,CF007,A0018,ACCOUNT,TRANSFERRED_TO,A0039,ACCOUNT,synthetic_transaction
R00429,CF022,A0056,ACCOUNT,TRANSFERRED_TO,A0105,ACCOUNT,synthetic_transaction
R00430,CF021,A0023,ACCOUNT,TRANSFERRED_TO,A0051,ACCOUNT,synthetic_transaction
R00431,CF025,A0036,ACCOUNT,TRANSFERRED_TO,A0105,ACCOUNT,synthetic_transaction
R00432,CF002,A0094,ACCOUNT,TRANSFERRED_TO,A0060,ACCOUNT,synthetic_transaction
R00433,CF032,A0018,ACCOUNT,TRANSFERRED_TO,A0082,ACCOUNT,synthetic_transaction
R00434,CF029,A0077,ACCOUNT,TRANSFERRED_TO,A0062,ACCOUNT,synthetic_transaction
R00435,CF003,A0102,ACCOUNT,TRANSFERRED_TO,A0047,ACCOUNT,synthetic_transaction
R00436,CF011,A0083,ACCOUNT,TRANSFERRED_TO,A0079,ACCOUNT,synthetic_transaction
R00437,CF007,A0002,ACCOUNT,TRANSFERRED_TO,A0013,ACCOUNT,synthetic_transaction
R00438,CF024,A0051,ACCOUNT,TRANSFERRED_TO,A0060,ACCOUNT,synthetic_transaction
R00439,CF002,A0062,ACCOUNT,TRANSFERRED_TO,A0014,ACCOUNT,synthetic_transaction
R00440,CF020,A0044,ACCOUNT,TRANSFERRED_TO,A0059,ACCOUNT,synthetic_transaction
R00441,CF021,A0009,ACCOUNT,TRANSFERRED_TO,A0039,ACCOUNT,synthetic_transaction
R00442,CF016,A0067,ACCOUNT,TRANSFERRED_TO,A0023,ACCOUNT,synthetic_transaction
R00443,CF015,A0103,ACCOUNT,TRANSFERRED_TO,A0052,ACCOUNT,synthetic_transaction
R00444,CF040,A0114,ACCOUNT,TRANSFERRED_TO,A0026,ACCOUNT,synthetic_transaction
R00445,CF014,A0036,ACCOUNT,TRANSFERRED_TO,A0097,ACCOUNT,synthetic_transaction
R00446,CF021,A0026,ACCOUNT,TRANSFERRED_TO,A0059,ACCOUNT,synthetic_transaction
R00447,CF025,A0079,ACCOUNT,TRANSFERRED_TO,A0051,ACCOUNT,synthetic_transaction
R00448,CF040,A0076,ACCOUNT,TRANSFERRED_TO,A0011,ACCOUNT,synthetic_transaction
R00449,CF024,A0089,ACCOUNT,TRANSFERRED_TO,A0019,ACCOUNT,synthetic_transaction
R00450,CF032,A0082,ACCOUNT,TRANSFERRED_TO,A0069,ACCOUNT,synthetic_transaction
R00451,CF009,A0024,ACCOUNT,TRANSFERRED_TO,A0041,ACCOUNT,synthetic_transaction
R00452,CF013,A0105,ACCOUNT,TRANSFERRED_TO,A0050,ACCOUNT,synthetic_transaction
R00453,CF027,A0091,ACCOUNT,TRANSFERRED_TO,A0108,ACCOUNT,synthetic_transaction
R00454,CF003,A0036,ACCOUNT,TRANSFERRED_TO,A0029,ACCOUNT,synthetic_transaction
R00455,CF033,A0015,ACCOUNT,TRANSFERRED_TO,A0074,ACCOUNT,synthetic_transaction
R00456,CF003,A0098,ACCOUNT,TRANSFERRED_TO,A0093,ACCOUNT,synthetic_transaction
R00457,CF020,A0112,ACCOUNT,TRANSFERRED_TO,A0005,ACCOUNT,synthetic_transaction
R00458,CF014,A0104,ACCOUNT,TRANSFERRED_TO,A0095,ACCOUNT,synthetic_transaction
R00459,CF009,A0101,ACCOUNT,TRANSFERRED_TO,A0027,ACCOUNT,synthetic_transaction
R00460,CF019,A0038,ACCOUNT,TRANSFERRED_TO,A0074,ACCOUNT,synthetic_transaction
R00461,CF018,A0111,ACCOUNT,TRANSFERRED_TO,A0084,ACCOUNT,synthetic_transaction
R00462,CF026,A0063,ACCOUNT,TRANSFERRED_TO,A0019,ACCOUNT,synthetic_transaction
R00463,CF005,A0082,ACCOUNT,TRANSFERRED_TO,A0102,ACCOUNT,synthetic_transaction
R00464,CF032,A0042,ACCOUNT,TRANSFERRED_TO,A0075,ACCOUNT,synthetic_transaction
R00465,CF035,A0051,ACCOUNT,TRANSFERRED_TO,A0028,ACCOUNT,synthetic_transaction
R00466,CF036,A0074,ACCOUNT,TRANSFERRED_TO,A0017,ACCOUNT,synthetic_transaction
R00467,CF007,A0081,ACCOUNT,TRANSFERRED_TO,A0101,ACCOUNT,synthetic_transaction
R00468,CF013,A0089,ACCOUNT,TRANSFERRED_TO,A0117,ACCOUNT,synthetic_transaction
R00469,CF024,A0033,ACCOUNT,TRANSFERRED_TO,A0011,ACCOUNT,synthetic_transaction
R00470,CF028,A0084,ACCOUNT,TRANSFERRED_TO,A0012,ACCOUNT,synthetic_transaction
R00471,CF015,A0067,ACCOUNT,TRANSFERRED_TO,A0088,ACCOUNT,synthetic_transaction
R00472,CF031,A0010,ACCOUNT,TRANSFERRED_TO,A0030,ACCOUNT,synthetic_transaction
R00473,CF009,A0049,ACCOUNT,TRANSFERRED_TO,A0100,ACCOUNT,synthetic_transaction
R00474,CF011,A0057,ACCOUNT,TRANSFERRED_TO,A0045,ACCOUNT,synthetic_transaction
R00475,CF006,A0115,ACCOUNT,TRANSFERRED_TO,A0013,ACCOUNT,synthetic_transaction
R00476,CF021,A0102,ACCOUNT,TRANSFERRED_TO,A0018,ACCOUNT,synthetic_transaction
R00477,CF020,A0027,ACCOUNT,TRANSFERRED_TO,A0067,ACCOUNT,synthetic_transaction
R00478,CF016,A0064,ACCOUNT,TRANSFERRED_TO,A0050,ACCOUNT,synthetic_transaction
R00479,CF021,A0017,ACCOUNT,TRANSFERRED_TO,A0050,ACCOUNT,synthetic_transaction
R00480,CF005,A0003,ACCOUNT,TRANSFERRED_TO,A0076,ACCOUNT,synthetic_transaction
R00481,CF033,A0037,ACCOUNT,TRANSFERRED_TO,A0081,ACCOUNT,synthetic_transaction
R00482,CF006,A0082,ACCOUNT,TRANSFERRED_TO,A0069,ACCOUNT,synthetic_transaction
R00483,CF014,A0104,ACCOUNT,TRANSFERRED_TO,A0020,ACCOUNT,synthetic_transaction
R00484,CF004,A0032,ACCOUNT,TRANSFERRED_TO,A0012,ACCOUNT,synthetic_transaction
R00485,CF001,A0091,ACCOUNT,TRANSFERRED_TO,A0018,ACCOUNT,synthetic_transaction
R00486,CF034,A0101,ACCOUNT,TRANSFERRED_TO,A0106,ACCOUNT,synthetic_transaction
R00487,CF002,A0043,ACCOUNT,TRANSFERRED_TO,A0104,ACCOUNT,synthetic_transaction
R00488,CF030,A0066,ACCOUNT,TRANSFERRED_TO,A0047,ACCOUNT,synthetic_transaction
R00489,CF037,A0087,ACCOUNT,TRANSFERRED_TO,A0093,ACCOUNT,synthetic_transaction
R00490,CF001,A0032,ACCOUNT,TRANSFERRED_TO,A0006,ACCOUNT,synthetic_transaction
R00491,CF027,A0029,ACCOUNT,TRANSFERRED_TO,A0042,ACCOUNT,synthetic_transaction
R00492,CF024,A0016,ACCOUNT,TRANSFERRED_TO,A0065,ACCOUNT,synthetic_transaction
R00493,CF005,A0113,ACCOUNT,TRANSFERRED_TO,A0060,ACCOUNT,synthetic_transaction
R00494,CF013,A0038,ACCOUNT,TRANSFERRED_TO,A0073,ACCOUNT,synthetic_transaction
R00495,CF035,A0098,ACCOUNT,TRANSFERRED_TO,A0102,ACCOUNT,synthetic_transaction
R00496,CF035,A0045,ACCOUNT,TRANSFERRED_TO,A0082,ACCOUNT,synthetic_transaction
R00497,CF007,A0027,ACCOUNT,TRANSFERRED_TO,A0068,ACCOUNT,synthetic_transaction
R00498,CF006,A0006,ACCOUNT,TRANSFERRED_TO,A0118,ACCOUNT,synthetic_transaction
R00499,CF007,A0065,ACCOUNT,TRANSFERRED_TO,A0018,ACCOUNT,synthetic_transaction
R00500,CF019,A0034,ACCOUNT,TRANSFERRED_TO,A0109,ACCOUNT,synthetic_transaction
R00501,CF005,A0026,ACCOUNT,TRANSFERRED_TO,A0018,ACCOUNT,synthetic_transaction
R00502,CF027,A0016,ACCOUNT,TRANSFERRED_TO,A0069,ACCOUNT,synthetic_transaction
R00503,CF011,A0104,ACCOUNT,TRANSFERRED_TO,A0088,ACCOUNT,synthetic_transaction
R00504,CF006,A0092,ACCOUNT,TRANSFERRED_TO,A0032,ACCOUNT,synthetic_transaction
R00505,CF002,A0052,ACCOUNT,TRANSFERRED_TO,A0110,ACCOUNT,synthetic_transaction
R00506,CF030,A0014,ACCOUNT,TRANSFERRED_TO,A0103,ACCOUNT,synthetic_transaction
R00507,CF013,A0106,ACCOUNT,TRANSFERRED_TO,A0052,ACCOUNT,synthetic_transaction
R00508,CF002,A0009,ACCOUNT,TRANSFERRED_TO,A0026,ACCOUNT,synthetic_transaction
R00509,CF003,A0060,ACCOUNT,TRANSFERRED_TO,A0007,ACCOUNT,synthetic_transaction
R00510,CF025,A0088,ACCOUNT,TRANSFERRED_TO,A0055,ACCOUNT,synthetic_transaction
R00511,CF003,A0079,ACCOUNT,TRANSFERRED_TO,A0080,ACCOUNT,synthetic_transaction
R00512,CF006,A0036,ACCOUNT,TRANSFERRED_TO,A0050,ACCOUNT,synthetic_transaction
R00513,CF002,A0049,ACCOUNT,TRANSFERRED_TO,A0101,ACCOUNT,synthetic_transaction
R00514,CF033,A0042,ACCOUNT,TRANSFERRED_TO,A0050,ACCOUNT,synthetic_transaction
R00515,CF004,A0104,ACCOUNT,TRANSFERRED_TO,A0061,ACCOUNT,synthetic_transaction
R00516,CF016,A0035,ACCOUNT,TRANSFERRED_TO,A0069,ACCOUNT,synthetic_transaction
R00517,CF012,A0031,ACCOUNT,TRANSFERRED_TO,A0076,ACCOUNT,synthetic_transaction
R00518,CF037,A0073,ACCOUNT,TRANSFERRED_TO,A0019,ACCOUNT,synthetic_transaction
R00519,CF032,A0005,ACCOUNT,TRANSFERRED_TO,A0012,ACCOUNT,synthetic_transaction
R00520,CF022,A0118,ACCOUNT,TRANSFERRED_TO,A0079,ACCOUNT,synthetic_transaction
R00521,CF002,A0019,ACCOUNT,TRANSFERRED_TO,A0076,ACCOUNT,synthetic_transaction
R00522,CF024,A0091,ACCOUNT,TRANSFERRED_TO,A0085,ACCOUNT,synthetic_transaction
R00523,CF028,A0102,ACCOUNT,TRANSFERRED_TO,A0082,ACCOUNT,synthetic_transaction
R00524,CF038,A0105,ACCOUNT,TRANSFERRED_TO,A0023,ACCOUNT,synthetic_transaction
R00525,CF026,A0109,ACCOUNT,TRANSFERRED_TO,A0099,ACCOUNT,synthetic_transaction
R00526,CF007,A0120,ACCOUNT,TRANSFERRED_TO,A0064,ACCOUNT,synthetic_transaction
R00527,CF006,A0106,ACCOUNT,TRANSFERRED_TO,A0091,ACCOUNT,synthetic_transaction
R00528,CF016,A0089,ACCOUNT,TRANSFERRED_TO,A0009,ACCOUNT,synthetic_transaction
R00529,CF029,A0094,ACCOUNT,TRANSFERRED_TO,A0054,ACCOUNT,synthetic_transaction
R00530,CF025,A0013,ACCOUNT,TRANSFERRED_TO,A0107,ACCOUNT,synthetic_transaction
R00531,CF019,A0003,ACCOUNT,TRANSFERRED_TO,A0041,ACCOUNT,synthetic_transaction
R00532,CF005,A0071,ACCOUNT,TRANSFERRED_TO,A0115,ACCOUNT,synthetic_transaction
R00533,CF011,A0078,ACCOUNT,TRANSFERRED_TO,A0114,ACCOUNT,synthetic_transaction
R00534,CF036,A0093,ACCOUNT,TRANSFERRED_TO,A0119,ACCOUNT,synthetic_transaction
R00535,CF026,A0074,ACCOUNT,TRANSFERRED_TO,A0071,ACCOUNT,synthetic_transaction
R00536,CF039,A0062,ACCOUNT,TRANSFERRED_TO,A0026,ACCOUNT,synthetic_transaction
R00537,CF008,A0040,ACCOUNT,TRANSFERRED_TO,A0101,ACCOUNT,synthetic_transaction
R00538,CF024,A0114,ACCOUNT,TRANSFERRED_TO,A0049,ACCOUNT,synthetic_transaction
R00539,CF015,A0108,ACCOUNT,TRANSFERRED_TO,A0035,ACCOUNT,synthetic_transaction
R00540,CF027,A0097,ACCOUNT,TRANSFERRED_TO,A0076,ACCOUNT,synthetic_transaction
R00541,CF031,A0074,ACCOUNT,TRANSFERRED_TO,A0113,ACCOUNT,synthetic_transaction
R00542,CF037,A0116,ACCOUNT,TRANSFERRED_TO,A0067,ACCOUNT,synthetic_transaction
R00543,CF011,A0028,ACCOUNT,TRANSFERRED_TO,A0104,ACCOUNT,synthetic_transaction
R00544,CF013,A0106,ACCOUNT,TRANSFERRED_TO,A0081,ACCOUNT,synthetic_transaction
R00545,CF025,A0072,ACCOUNT,TRANSFERRED_TO,A0051,ACCOUNT,synthetic_transaction
R00546,CF038,A0067,ACCOUNT,TRANSFERRED_TO,A0101,ACCOUNT,synthetic_transaction
R00547,CF037,A0100,ACCOUNT,TRANSFERRED_TO,A0013,ACCOUNT,synthetic_transaction
R00548,CF032,A0074,ACCOUNT,TRANSFERRED_TO,A0078,ACCOUNT,synthetic_transaction
R00549,CF026,A0114,ACCOUNT,TRANSFERRED_TO,A0113,ACCOUNT,synthetic_transaction
R00550,CF002,A0044,ACCOUNT,TRANSFERRED_TO,A0105,ACCOUNT,synthetic_transaction
R00551,CF009,A0039,ACCOUNT,TRANSFERRED_TO,A0096,ACCOUNT,synthetic_transaction
R00552,CF029,A0028,ACCOUNT,TRANSFERRED_TO,A0117,ACCOUNT,synthetic_transaction
R00553,CF033,A0102,ACCOUNT,TRANSFERRED_TO,A0021,ACCOUNT,synthetic_transaction
R00554,CF034,A0113,ACCOUNT,TRANSFERRED_TO,A0073,ACCOUNT,synthetic_transaction
R00555,CF030,A0007,ACCOUNT,TRANSFERRED_TO,A0118,ACCOUNT,synthetic_transaction
R00556,CF026,A0082,ACCOUNT,TRANSFERRED_TO,A0119,ACCOUNT,synthetic_transaction
R00557,CF031,A0076,ACCOUNT,TRANSFERRED_TO,A0071,ACCOUNT,synthetic_transaction
R00558,CF002,A0050,ACCOUNT,TRANSFERRED_TO,A0007,ACCOUNT,synthetic_transaction
R00559,CF018,A0084,ACCOUNT,TRANSFERRED_TO,A0053,ACCOUNT,synthetic_transaction
R00560,CF039,A0103,ACCOUNT,TRANSFERRED_TO,A0002,ACCOUNT,synthetic_transaction
R00561,CF025,A0110,ACCOUNT,TRANSFERRED_TO,A0045,ACCOUNT,synthetic_transaction
R00562,CF040,A0051,ACCOUNT,TRANSFERRED_TO,A0075,ACCOUNT,synthetic_transaction
R00563,CF007,A0062,ACCOUNT,TRANSFERRED_TO,A0009,ACCOUNT,synthetic_transaction
R00564,CF013,A0020,ACCOUNT,TRANSFERRED_TO,A0067,ACCOUNT,synthetic_transaction
R00565,CF002,A0084,ACCOUNT,TRANSFERRED_TO,A0064,ACCOUNT,synthetic_transaction
R00566,CF003,A0075,ACCOUNT,TRANSFERRED_TO,A0091,ACCOUNT,synthetic_transaction
R00567,CF033,A0039,ACCOUNT,TRANSFERRED_TO,A0109,ACCOUNT,synthetic_transaction
R00568,CF007,A0061,ACCOUNT,TRANSFERRED_TO,A0017,ACCOUNT,synthetic_transaction
R00569,CF006,A0029,ACCOUNT,TRANSFERRED_TO,A0046,ACCOUNT,synthetic_transaction
R00570,CF017,A0075,ACCOUNT,TRANSFERRED_TO,A0038,ACCOUNT,synthetic_transaction
R00571,CF013,A0065,ACCOUNT,TRANSFERRED_TO,A0016,ACCOUNT,synthetic_transaction
R00572,CF013,A0044,ACCOUNT,TRANSFERRED_TO,A0053,ACCOUNT,synthetic_transaction
R00573,CF032,A0043,ACCOUNT,TRANSFERRED_TO,A0081,ACCOUNT,synthetic_transaction
R00574,CF011,A0074,ACCOUNT,TRANSFERRED_TO,A0098,ACCOUNT,synthetic_transaction
R00575,CF026,A0055,ACCOUNT,TRANSFERRED_TO,A0062,ACCOUNT,synthetic_transaction
R00576,CF001,A0115,ACCOUNT,TRANSFERRED_TO,A0042,ACCOUNT,synthetic_transaction
R00577,CF023,A0040,ACCOUNT,TRANSFERRED_TO,A0017,ACCOUNT,synthetic_transaction
R00578,CF019,A0059,ACCOUNT,TRANSFERRED_TO,A0094,ACCOUNT,synthetic_transaction
R00579,CF032,A0046,ACCOUNT,TRANSFERRED_TO,A0097,ACCOUNT,synthetic_transaction
R00580,CF015,A0094,ACCOUNT,TRANSFERRED_TO,A0017,ACCOUNT,synthetic_transaction
R00581,CF024,A0092,ACCOUNT,TRANSFERRED_TO,A0084,ACCOUNT,synthetic_transaction
R00582,CF004,A0085,ACCOUNT,TRANSFERRED_TO,A0014,ACCOUNT,synthetic_transaction
R00583,CF036,A0033,ACCOUNT,TRANSFERRED_TO,A0061,ACCOUNT,synthetic_transaction
R00584,CF018,A0080,ACCOUNT,TRANSFERRED_TO,A0078,ACCOUNT,synthetic_transaction
R00585,CF008,A0101,ACCOUNT,TRANSFERRED_TO,A0014,ACCOUNT,synthetic_transaction
R00586,CF027,A0038,ACCOUNT,TRANSFERRED_TO,A0021,ACCOUNT,synthetic_transaction
R00587,CF016,A0001,ACCOUNT,TRANSFERRED_TO,A0002,ACCOUNT,synthetic_transaction
R00588,CF006,A0100,ACCOUNT,TRANSFERRED_TO,A0066,ACCOUNT,synthetic_transaction
R00589,CF019,A0034,ACCOUNT,TRANSFERRED_TO,A0060,ACCOUNT,synthetic_transaction
R00590,CF021,A0055,ACCOUNT,TRANSFERRED_TO,A0095,ACCOUNT,synthetic_transaction
R00591,CF022,A0046,ACCOUNT,TRANSFERRED_TO,A0115,ACCOUNT,synthetic_transaction
R00592,CF008,A0052,ACCOUNT,TRANSFERRED_TO,A0059,ACCOUNT,synthetic_transaction
R00593,CF008,A0017,ACCOUNT,TRANSFERRED_TO,A0090,ACCOUNT,synthetic_transaction
R00594,CF029,A0024,ACCOUNT,TRANSFERRED_TO,A0079,ACCOUNT,synthetic_transaction
R00595,CF032,A0015,ACCOUNT,TRANSFERRED_TO,A0114,ACCOUNT,synthetic_transaction
R00596,CF034,A0099,ACCOUNT,TRANSFERRED_TO,A0096,ACCOUNT,synthetic_transaction
R00597,CF034,A0089,ACCOUNT,TRANSFERRED_TO,A0090,ACCOUNT,synthetic_transaction
R00598,CF036,A0115,ACCOUNT,TRANSFERRED_TO,A0079,ACCOUNT,synthetic_transaction
R00599,CF011,A0010,ACCOUNT,TRANSFERRED_TO,A0097,ACCOUNT,synthetic_transaction
R00600,CF015,A0071,ACCOUNT,TRANSFERRED_TO,A0083,ACCOUNT,synthetic_transaction
R00601,CF029,A0012,ACCOUNT,TRANSFERRED_TO,A0110,ACCOUNT,synthetic_transaction
R00602,CF026,A0053,ACCOUNT,TRANSFERRED_TO,A0005,ACCOUNT,synthetic_transaction
R00603,CF036,A0027,ACCOUNT,TRANSFERRED_TO,A0084,ACCOUNT,synthetic_transaction
R00604,CF022,A0072,ACCOUNT,TRANSFERRED_TO,A0099,ACCOUNT,synthetic_transaction
R00605,CF015,A0001,ACCOUNT,TRANSFERRED_TO,A0044,ACCOUNT,synthetic_transaction
R00606,CF003,A0115,ACCOUNT,TRANSFERRED_TO,A0022,ACCOUNT,synthetic_transaction
R00607,CF040,A0026,ACCOUNT,TRANSFERRED_TO,A0025,ACCOUNT,synthetic_transaction
R00608,CF007,A0097,ACCOUNT,TRANSFERRED_TO,A0054,ACCOUNT,synthetic_transaction
R00609,CF038,A0065,ACCOUNT,TRANSFERRED_TO,A0018,ACCOUNT,synthetic_transaction
R00610,CF031,A0119,ACCOUNT,TRANSFERRED_TO,A0066,ACCOUNT,synthetic_transaction
R00611,CF025,A0085,ACCOUNT,TRANSFERRED_TO,A0077,ACCOUNT,synthetic_transaction
R00612,CF016,A0036,ACCOUNT,TRANSFERRED_TO,A0051,ACCOUNT,synthetic_transaction
R00613,CF021,A0092,ACCOUNT,TRANSFERRED_TO,A0095,ACCOUNT,synthetic_transaction
R00614,CF009,A0091,ACCOUNT,TRANSFERRED_TO,A0084,ACCOUNT,synthetic_transaction
R00615,CF031,A0075,ACCOUNT,TRANSFERRED_TO,A0074,ACCOUNT,synthetic_transaction
R00616,CF001,A0067,ACCOUNT,TRANSFERRED_TO,A0014,ACCOUNT,synthetic_transaction
R00617,CF011,A0037,ACCOUNT,TRANSFERRED_TO,A0088,ACCOUNT,synthetic_transaction
R00618,CF035,A0005,ACCOUNT,TRANSFERRED_TO,A0046,ACCOUNT,synthetic_transaction
R00619,CF025,A0031,ACCOUNT,TRANSFERRED_TO,A0066,ACCOUNT,synthetic_transaction
R00620,CF021,A0071,ACCOUNT,TRANSFERRED_TO,A0007,ACCOUNT,synthetic_transaction
R00621,CF024,A0097,ACCOUNT,TRANSFERRED_TO,A0076,ACCOUNT,synthetic_transaction
R00622,CF029,A0023,ACCOUNT,TRANSFERRED_TO,A0088,ACCOUNT,synthetic_transaction
R00623,CF003,A0055,ACCOUNT,TRANSFERRED_TO,A0036,ACCOUNT,synthetic_transaction
R00624,CF022,A0060,ACCOUNT,TRANSFERRED_TO,A0091,ACCOUNT,synthetic_transaction
R00625,CF037,A0071,ACCOUNT,TRANSFERRED_TO,A0046,ACCOUNT,synthetic_transaction
R00626,CF034,A0009,ACCOUNT,TRANSFERRED_TO,A0101,ACCOUNT,synthetic_transaction
R00627,CF023,A0029,ACCOUNT,TRANSFERRED_TO,A0114,ACCOUNT,synthetic_transaction
R00628,CF034,A0061,ACCOUNT,TRANSFERRED_TO,A0072,ACCOUNT,synthetic_transaction
R00629,CF021,A0049,ACCOUNT,TRANSFERRED_TO,A0118,ACCOUNT,synthetic_transaction
R00630,CF034,A0106,ACCOUNT,TRANSFERRED_TO,A0099,ACCOUNT,synthetic_transaction
R00631,CF003,A0038,ACCOUNT,TRANSFERRED_TO,A0115,ACCOUNT,synthetic_transaction
R00632,CF011,A0099,ACCOUNT,TRANSFERRED_TO,A0069,ACCOUNT,synthetic_transaction
R00633,CF007,A0027,ACCOUNT,TRANSFERRED_TO,A0069,ACCOUNT,synthetic_transaction
R00634,CF002,A0059,ACCOUNT,TRANSFERRED_TO,A0092,ACCOUNT,synthetic_transaction
R00635,CF005,A0074,ACCOUNT,TRANSFERRED_TO,A0106,ACCOUNT,synthetic_transaction
R00636,CF028,A0041,ACCOUNT,TRANSFERRED_TO,A0003,ACCOUNT,synthetic_transaction
R00637,CF005,A0097,ACCOUNT,TRANSFERRED_TO,A0096,ACCOUNT,synthetic_transaction
R00638,CF020,A0078,ACCOUNT,TRANSFERRED_TO,A0012,ACCOUNT,synthetic_transaction
R00639,CF011,A0069,ACCOUNT,TRANSFERRED_TO,A0029,ACCOUNT,synthetic_transaction
R00640,CF020,A0087,ACCOUNT,TRANSFERRED_TO,A0114,ACCOUNT,synthetic_transaction
R00641,CF003,A0001,ACCOUNT,TRANSFERRED_TO,A0074,ACCOUNT,synthetic_transaction
R00642,CF014,A0096,ACCOUNT,TRANSFERRED_TO,A0095,ACCOUNT,synthetic_transaction
R00643,CF012,A0029,ACCOUNT,TRANSFERRED_TO,A0079,ACCOUNT,synthetic_transaction
R00644,CF030,A0083,ACCOUNT,TRANSFERRED_TO,A0071,ACCOUNT,synthetic_transaction
R00645,CF032,A0043,ACCOUNT,TRANSFERRED_TO,A0046,ACCOUNT,synthetic_transaction
R00646,CF021,A0063,ACCOUNT,TRANSFERRED_TO,A0058,ACCOUNT,synthetic_transaction
R00647,CF037,A0047,ACCOUNT,TRANSFERRED_TO,A0104,ACCOUNT,synthetic_transaction
R00648,CF018,A0108,ACCOUNT,TRANSFERRED_TO,A0047,ACCOUNT,synthetic_transaction
R00649,CF023,A0100,ACCOUNT,TRANSFERRED_TO,A0040,ACCOUNT,synthetic_transaction
R00650,CF009,A0115,ACCOUNT,TRANSFERRED_TO,A0069,ACCOUNT,synthetic_transaction
R00651,CF002,A0105,ACCOUNT,TRANSFERRED_TO,A0075,ACCOUNT,synthetic_transaction
R00652,CF035,A0061,ACCOUNT,TRANSFERRED_TO,A0084,ACCOUNT,synthetic_transaction
R00653,CF030,A0065,ACCOUNT,TRANSFERRED_TO,A0066,ACCOUNT,synthetic_transaction
R00654,CF040,A0088,ACCOUNT,TRANSFERRED_TO,A0022,ACCOUNT,synthetic_transaction
R00655,CF023,A0006,ACCOUNT,TRANSFERRED_TO,A0029,ACCOUNT,synthetic_transaction
R00656,CF034,A0117,ACCOUNT,TRANSFERRED_TO,A0102,ACCOUNT,synthetic_transaction
R00657,CF021,A0014,ACCOUNT,TRANSFERRED_TO,A0091,ACCOUNT,synthetic_transaction
R00658,CF035,A0073,ACCOUNT,TRANSFERRED_TO,A0023,ACCOUNT,synthetic_transaction
R00659,CF017,A0049,ACCOUNT,TRANSFERRED_TO,A0117,ACCOUNT,synthetic_transaction
R00660,CF031,A0114,ACCOUNT,TRANSFERRED_TO,A0078,ACCOUNT,synthetic_transaction
R00661,CF033,A0083,ACCOUNT,TRANSFERRED_TO,A0036,ACCOUNT,synthetic_transaction
R00662,CF027,A0104,ACCOUNT,TRANSFERRED_TO,A0043,ACCOUNT,synthetic_transaction
R00663,CF038,A0021,ACCOUNT,TRANSFERRED_TO,A0083,ACCOUNT,synthetic_transaction
R00664,CF033,A0006,ACCOUNT,TRANSFERRED_TO,A0115,ACCOUNT,synthetic_transaction
R00665,CF026,A0077,ACCOUNT,TRANSFERRED_TO,A0073,ACCOUNT,synthetic_transaction
R00666,CF039,A0061,ACCOUNT,TRANSFERRED_TO,A0112,ACCOUNT,synthetic_transaction
R00667,CF012,A0080,ACCOUNT,TRANSFERRED_TO,A0085,ACCOUNT,synthetic_transaction
R00668,CF025,A0050,ACCOUNT,TRANSFERRED_TO,A0017,ACCOUNT,synthetic_transaction
R00669,CF039,A0013,ACCOUNT,TRANSFERRED_TO,A0023,ACCOUNT,synthetic_transaction
R00670,CF031,A0085,ACCOUNT,TRANSFERRED_TO,A0017,ACCOUNT,synthetic_transaction
R00671,CF027,A0048,ACCOUNT,TRANSFERRED_TO,A0112,ACCOUNT,synthetic_transaction
R00672,CF025,A0045,ACCOUNT,TRANSFERRED_TO,A0076,ACCOUNT,synthetic_transaction
R00673,CF031,A0099,ACCOUNT,TRANSFERRED_TO,A0030,ACCOUNT,synthetic_transaction
R00674,CF013,A0001,ACCOUNT,TRANSFERRED_TO,A0091,ACCOUNT,synthetic_transaction
R00675,CF021,A0053,ACCOUNT,TRANSFERRED_TO,A0047,ACCOUNT,synthetic_transaction
R00676,CF024,A0079,ACCOUNT,TRANSFERRED_TO,A0036,ACCOUNT,synthetic_transaction
R00677,CF024,A0072,ACCOUNT,TRANSFERRED_TO,A0062,ACCOUNT,synthetic_transaction
R00678,CF008,A0096,ACCOUNT,TRANSFERRED_TO,A0030,ACCOUNT,synthetic_transaction
R00679,CF036,A0079,ACCOUNT,TRANSFERRED_TO,A0090,ACCOUNT,synthetic_transaction
R00680,CF010,A0061,ACCOUNT,TRANSFERRED_TO,A0119,ACCOUNT,synthetic_transaction
R00681,CF039,A0005,ACCOUNT,TRANSFERRED_TO,A0093,ACCOUNT,synthetic_transaction
R00682,CF004,A0100,ACCOUNT,TRANSFERRED_TO,A0105,ACCOUNT,synthetic_transaction
R00683,CF034,A0037,ACCOUNT,TRANSFERRED_TO,A0025,ACCOUNT,synthetic_transaction
R00684,CF011,A0087,ACCOUNT,TRANSFERRED_TO,A0005,ACCOUNT,synthetic_transaction
R00685,CF026,A0046,ACCOUNT,TRANSFERRED_TO,A0086,ACCOUNT,synthetic_transaction
R00686,CF036,A0037,ACCOUNT,TRANSFERRED_TO,A0093,ACCOUNT,synthetic_transaction
R00687,CF039,A0025,ACCOUNT,TRANSFERRED_TO,A0059,ACCOUNT,synthetic_transaction
R00688,CF005,A0065,ACCOUNT,TRANSFERRED_TO,A0038,ACCOUNT,synthetic_transaction
R00689,CF037,A0033,ACCOUNT,TRANSFERRED_TO,A0089,ACCOUNT,synthetic_transaction
R00690,CF030,A0088,ACCOUNT,TRANSFERRED_TO,A0059,ACCOUNT,synthetic_transaction
R00691,CF015,A0103,ACCOUNT,TRANSFERRED_TO,A0041,ACCOUNT,synthetic_transaction
R00692,CF016,A0037,ACCOUNT,TRANSFERRED_TO,A0012,ACCOUNT,synthetic_transaction
R00693,CF021,A0046,ACCOUNT,TRANSFERRED_TO,A0028,ACCOUNT,synthetic_transaction
R00694,CF016,A0112,ACCOUNT,TRANSFERRED_TO,A0034,ACCOUNT,synthetic_transaction
R00695,CF007,A0016,ACCOUNT,TRANSFERRED_TO,A0118,ACCOUNT,synthetic_transaction
R00696,CF003,A0109,ACCOUNT,TRANSFERRED_TO,A0062,ACCOUNT,synthetic_transaction
R00697,CF012,A0098,ACCOUNT,TRANSFERRED_TO,A0118,ACCOUNT,synthetic_transaction
R00698,CF034,A0103,ACCOUNT,TRANSFERRED_TO,A0055,ACCOUNT,synthetic_transaction
R00699,CF012,A0059,ACCOUNT,TRANSFERRED_TO,A0016,ACCOUNT,synthetic_transaction
R00700,CF025,A0075,ACCOUNT,TRANSFERRED_TO,A0013,ACCOUNT,synthetic_transaction
R00701,CF018,A0061,ACCOUNT,TRANSFERRED_TO,A0079,ACCOUNT,synthetic_transaction
R00702,CF027,A0090,ACCOUNT,TRANSFERRED_TO,A0097,ACCOUNT,synthetic_transaction
R00703,CF012,A0074,ACCOUNT,TRANSFERRED_TO,A0017,ACCOUNT,synthetic_transaction
R00704,CF028,A0110,ACCOUNT,TRANSFERRED_TO,A0049,ACCOUNT,synthetic_transaction
R00705,CF027,A0064,ACCOUNT,TRANSFERRED_TO,A0018,ACCOUNT,synthetic_transaction
R00706,CF036,A0110,ACCOUNT,TRANSFERRED_TO,A0073,ACCOUNT,synthetic_transaction
R00707,CF007,A0058,ACCOUNT,TRANSFERRED_TO,A0096,ACCOUNT,synthetic_transaction
R00708,CF002,A0053,ACCOUNT,TRANSFERRED_TO,A0016,ACCOUNT,synthetic_transaction
R00709,CF023,A0042,ACCOUNT,TRANSFERRED_TO,A0087,ACCOUNT,synthetic_transaction
R00710,CF040,A0037,ACCOUNT,TRANSFERRED_TO,A0060,ACCOUNT,synthetic_transaction
R00711,CF040,A0074,ACCOUNT,TRANSFERRED_TO,A0052,ACCOUNT,synthetic_transaction
R00712,CF018,A0078,ACCOUNT,TRANSFERRED_TO,A0083,ACCOUNT,synthetic_transaction
R00713,CF034,A0058,ACCOUNT,TRANSFERRED_TO,A0053,ACCOUNT,synthetic_transaction
R00714,CF006,A0027,ACCOUNT,TRANSFERRED_TO,A0022,ACCOUNT,synthetic_transaction
R00715,CF004,A0004,ACCOUNT,TRANSFERRED_TO,A0099,ACCOUNT,synthetic_transaction
R00716,CF025,A0040,ACCOUNT,TRANSFERRED_TO,A0030,ACCOUNT,synthetic_transaction
R00717,CF034,A0108,ACCOUNT,TRANSFERRED_TO,A0022,ACCOUNT,synthetic_transaction
R00718,CF030,A0112,ACCOUNT,TRANSFERRED_TO,A0070,ACCOUNT,synthetic_transaction
R00719,CF039,A0059,ACCOUNT,TRANSFERRED_TO,A0081,ACCOUNT,synthetic_transaction
R00720,CF031,A0070,ACCOUNT,TRANSFERRED_TO,A0030,ACCOUNT,synthetic_transaction
R00721,CF001,A0001,ACCOUNT,TRANSFERRED_TO,A0067,ACCOUNT,synthetic_transaction
R00722,CF031,A0039,ACCOUNT,TRANSFERRED_TO,A0002,ACCOUNT,synthetic_transaction
R00723,CF027,A0113,ACCOUNT,TRANSFERRED_TO,A0072,ACCOUNT,synthetic_transaction
R00724,CF015,A0034,ACCOUNT,TRANSFERRED_TO,A0011,ACCOUNT,synthetic_transaction
R00725,CF035,A0104,ACCOUNT,TRANSFERRED_TO,A0035,ACCOUNT,synthetic_transaction
R00726,CF030,A0080,ACCOUNT,TRANSFERRED_TO,A0058,ACCOUNT,synthetic_transaction
R00727,CF002,A0020,ACCOUNT,TRANSFERRED_TO,A0007,ACCOUNT,synthetic_transaction
R00728,CF001,A0030,ACCOUNT,TRANSFERRED_TO,A0012,ACCOUNT,synthetic_transaction
R00729,CF024,A0060,ACCOUNT,TRANSFERRED_TO,A0090,ACCOUNT,synthetic_transaction
R00730,CF035,A0061,ACCOUNT,TRANSFERRED_TO,A0024,ACCOUNT,synthetic_transaction
R00731,CF016,A0050,ACCOUNT,TRANSFERRED_TO,A0099,ACCOUNT,synthetic_transaction
R00732,CF014,A0061,ACCOUNT,TRANSFERRED_TO,A0050,ACCOUNT,synthetic_transaction
R00733,CF034,A0016,ACCOUNT,TRANSFERRED_TO,A0033,ACCOUNT,synthetic_transaction
R00734,CF008,A0031,ACCOUNT,TRANSFERRED_TO,A0082,ACCOUNT,synthetic_transaction
R00735,CF016,A0002,ACCOUNT,TRANSFERRED_TO,A0006,ACCOUNT,synthetic_transaction
R00736,CF011,A0064,ACCOUNT,TRANSFERRED_TO,A0012,ACCOUNT,synthetic_transaction
R00737,CF007,A0017,ACCOUNT,TRANSFERRED_TO,A0063,ACCOUNT,synthetic_transaction
R00738,CF002,A0089,ACCOUNT,TRANSFERRED_TO,A0049,ACCOUNT,synthetic_transaction
R00739,CF036,A0038,ACCOUNT,TRANSFERRED_TO,A0070,ACCOUNT,synthetic_transaction
R00740,CF018,A0112,ACCOUNT,TRANSFERRED_TO,A0107,ACCOUNT,synthetic_transaction
R00741,CF017,A0070,ACCOUNT,TRANSFERRED_TO,A0047,ACCOUNT,synthetic_transaction
R00742,CF002,A0080,ACCOUNT,TRANSFERRED_TO,A0110,ACCOUNT,synthetic_transaction
R00743,CF034,A0088,ACCOUNT,TRANSFERRED_TO,A0064,ACCOUNT,synthetic_transaction
R00744,CF007,A0067,ACCOUNT,TRANSFERRED_TO,A0085,ACCOUNT,synthetic_transaction
R00745,CF007,A0063,ACCOUNT,TRANSFERRED_TO,A0025,ACCOUNT,synthetic_transaction
R00746,CF040,A0090,ACCOUNT,TRANSFERRED_TO,A0076,ACCOUNT,synthetic_transaction
R00747,CF014,A0084,ACCOUNT,TRANSFERRED_TO,A0063,ACCOUNT,synthetic_transaction
R00748,CF004,A0106,ACCOUNT,TRANSFERRED_TO,A0079,ACCOUNT,synthetic_transaction
R00749,CF034,A0013,ACCOUNT,TRANSFERRED_TO,A0093,ACCOUNT,synthetic_transaction
R00750,CF012,A0072,ACCOUNT,TRANSFERRED_TO,A0096,ACCOUNT,synthetic_transaction
R00751,CF028,A0114,ACCOUNT,TRANSFERRED_TO,A0014,ACCOUNT,synthetic_transaction
R00752,CF035,A0077,ACCOUNT,TRANSFERRED_TO,A0057,ACCOUNT,synthetic_transaction
R00753,CF021,A0078,ACCOUNT,TRANSFERRED_TO,A0031,ACCOUNT,synthetic_transaction
R00754,CF029,A0058,ACCOUNT,TRANSFERRED_TO,A0051,ACCOUNT,synthetic_transaction
R00755,CF001,A0039,ACCOUNT,TRANSFERRED_TO,A0029,ACCOUNT,synthetic_transaction
R00756,CF003,A0059,ACCOUNT,TRANSFERRED_TO,A0046,ACCOUNT,synthetic_transaction
R00757,CF017,A0104,ACCOUNT,TRANSFERRED_TO,A0039,ACCOUNT,synthetic_transaction
R00758,CF012,A0063,ACCOUNT,TRANSFERRED_TO,A0106,ACCOUNT,synthetic_transaction
R00759,CF037,A0049,ACCOUNT,TRANSFERRED_TO,A0011,ACCOUNT,synthetic_transaction
R00760,CF015,A0096,ACCOUNT,TRANSFERRED_TO,A0084,ACCOUNT,synthetic_transaction
R00761,CF034,A0006,ACCOUNT,TRANSFERRED_TO,A0041,ACCOUNT,synthetic_transaction
R00762,CF004,A0087,ACCOUNT,TRANSFERRED_TO,A0094,ACCOUNT,synthetic_transaction
R00763,CF028,A0038,ACCOUNT,TRANSFERRED_TO,A0101,ACCOUNT,synthetic_transaction
R00764,CF026,A0034,ACCOUNT,TRANSFERRED_TO,A0011,ACCOUNT,synthetic_transaction
R00765,CF013,A0063,ACCOUNT,TRANSFERRED_TO,A0051,ACCOUNT,synthetic_transaction
R00766,CF005,A0035,ACCOUNT,TRANSFERRED_TO,A0100,ACCOUNT,synthetic_transaction
R00767,CF024,A0045,ACCOUNT,TRANSFERRED_TO,A0025,ACCOUNT,synthetic_transaction
R00768,CF040,A0106,ACCOUNT,TRANSFERRED_TO,A0103,ACCOUNT,synthetic_transaction
R00769,CF013,A0088,ACCOUNT,TRANSFERRED_TO,A0048,ACCOUNT,synthetic_transaction
R00770,CF040,A0119,ACCOUNT,TRANSFERRED_TO,A0019,ACCOUNT,synthetic_transaction
R00771,CF022,A0027,ACCOUNT,TRANSFERRED_TO,A0095,ACCOUNT,synthetic_transaction
R00772,CF031,A0080,ACCOUNT,TRANSFERRED_TO,A0094,ACCOUNT,synthetic_transaction
R00773,CF011,A0008,ACCOUNT,TRANSFERRED_TO,A0037,ACCOUNT,synthetic_transaction
R00774,CF025,A0085,ACCOUNT,TRANSFERRED_TO,A0035,ACCOUNT,synthetic_transaction
R00775,CF025,A0066,ACCOUNT,TRANSFERRED_TO,A0091,ACCOUNT,synthetic_transaction
R00776,CF013,A0065,ACCOUNT,TRANSFERRED_TO,A0059,ACCOUNT,synthetic_transaction
R00777,CF032,A0051,ACCOUNT,TRANSFERRED_TO,A0096,ACCOUNT,synthetic_transaction
R00778,CF033,A0036,ACCOUNT,TRANSFERRED_TO,A0104,ACCOUNT,synthetic_transaction
R00779,CF018,A0029,ACCOUNT,TRANSFERRED_TO,A0020,ACCOUNT,synthetic_transaction
R00780,CF040,A0112,ACCOUNT,TRANSFERRED_TO,A0081,ACCOUNT,synthetic_transaction
R00781,CF039,A0043,ACCOUNT,TRANSFERRED_TO,A0058,ACCOUNT,synthetic_transaction
R00782,CF020,A0089,ACCOUNT,TRANSFERRED_TO,A0091,ACCOUNT,synthetic_transaction
R00783,CF005,A0072,ACCOUNT,TRANSFERRED_TO,A0069,ACCOUNT,synthetic_transaction
R00784,CF027,A0039,ACCOUNT,TRANSFERRED_TO,A0057,ACCOUNT,synthetic_transaction
R00785,CF012,A0004,ACCOUNT,TRANSFERRED_TO,A0098,ACCOUNT,synthetic_transaction
R00786,CF023,A0011,ACCOUNT,TRANSFERRED_TO,A0089,ACCOUNT,synthetic_transaction
R00787,CF025,A0063,ACCOUNT,TRANSFERRED_TO,A0061,ACCOUNT,synthetic_transaction
R00788,CF027,A0029,ACCOUNT,TRANSFERRED_TO,A0096,ACCOUNT,synthetic_transaction
R00789,CF032,A0089,ACCOUNT,TRANSFERRED_TO,A0042,ACCOUNT,synthetic_transaction
R00790,CF025,A0093,ACCOUNT,TRANSFERRED_TO,A0041,ACCOUNT,synthetic_transaction
R00791,CF007,A0058,ACCOUNT,TRANSFERRED_TO,A0059,ACCOUNT,synthetic_transaction
R00792,CF036,A0050,ACCOUNT,TRANSFERRED_TO,A0067,ACCOUNT,synthetic_transaction
R00793,CF030,A0022,ACCOUNT,TRANSFERRED_TO,A0055,ACCOUNT,synthetic_transaction
R00794,CF029,A0012,ACCOUNT,TRANSFERRED_TO,A0093,ACCOUNT,synthetic_transaction
R00795,CF027,A0042,ACCOUNT,TRANSFERRED_TO,A0058,ACCOUNT,synthetic_transaction
R00796,CF021,A0089,ACCOUNT,TRANSFERRED_TO,A0084,ACCOUNT,synthetic_transaction
R00797,CF006,A0068,ACCOUNT,TRANSFERRED_TO,A0091,ACCOUNT,synthetic_transaction
R00798,CF036,A0049,ACCOUNT,TRANSFERRED_TO,A0006,ACCOUNT,synthetic_transaction
R00799,CF004,A0054,ACCOUNT,TRANSFERRED_TO,A0040,ACCOUNT,synthetic_transaction
R00800,CF008,A0116,ACCOUNT,TRANSFERRED_TO,A0017,ACCOUNT,synthetic_transaction
R00801,CF035,A0104,ACCOUNT,TRANSFERRED_TO,A0001,ACCOUNT,synthetic_transaction
R00802,CF027,A0057,ACCOUNT,TRANSFERRED_TO,A0011,ACCOUNT,synthetic_transaction
R00803,CF036,A0105,ACCOUNT,TRANSFERRED_TO,A0106,ACCOUNT,synthetic_transaction
R00804,CF010,A0110,ACCOUNT,TRANSFERRED_TO,A0005,ACCOUNT,synthetic_transaction
R00805,CF007,A0054,ACCOUNT,TRANSFERRED_TO,A0023,ACCOUNT,synthetic_transaction
R00806,CF038,A0047,ACCOUNT,TRANSFERRED_TO,A0120,ACCOUNT,synthetic_transaction
R00807,CF028,A0108,ACCOUNT,TRANSFERRED_TO,A0071,ACCOUNT,synthetic_transaction
R00808,CF034,A0053,ACCOUNT,TRANSFERRED_TO,A0068,ACCOUNT,synthetic_transaction
R00809,CF039,A0120,ACCOUNT,TRANSFERRED_TO,A0101,ACCOUNT,synthetic_transaction
R00810,CF040,A0073,ACCOUNT,TRANSFERRED_TO,A0064,ACCOUNT,synthetic_transaction
R00811,CF040,A0030,ACCOUNT,TRANSFERRED_TO,A0091,ACCOUNT,synthetic_transaction
R00812,CF040,A0054,ACCOUNT,TRANSFERRED_TO,A0053,ACCOUNT,synthetic_transaction
R00813,CF013,A0089,ACCOUNT,TRANSFERRED_TO,A0037,ACCOUNT,synthetic_transaction
R00814,CF008,A0088,ACCOUNT,TRANSFERRED_TO,A0043,ACCOUNT,synthetic_transaction
R00815,CF022,A0119,ACCOUNT,TRANSFERRED_TO,A0087,ACCOUNT,synthetic_transaction
R00816,CF030,A0115,ACCOUNT,TRANSFERRED_TO,A0111,ACCOUNT,synthetic_transaction
R00817,CF020,A0073,ACCOUNT,TRANSFERRED_TO,A0093,ACCOUNT,synthetic_transaction
R00818,CF037,A0088,ACCOUNT,TRANSFERRED_TO,A0043,ACCOUNT,synthetic_transaction
R00819,CF035,A0108,ACCOUNT,TRANSFERRED_TO,A0022,ACCOUNT,synthetic_transaction
R00820,CF003,A0035,ACCOUNT,TRANSFERRED_TO,A0053,ACCOUNT,synthetic_transaction
R00821,CF034,A0039,ACCOUNT,TRANSFERRED_TO,A0023,ACCOUNT,synthetic_transaction
R00822,CF033,A0004,ACCOUNT,TRANSFERRED_TO,A0103,ACCOUNT,synthetic_transaction
R00823,CF020,A0100,ACCOUNT,TRANSFERRED_TO,A0042,ACCOUNT,synthetic_transaction
R00824,CF003,A0059,ACCOUNT,TRANSFERRED_TO,A0050,ACCOUNT,synthetic_transaction
R00825,CF030,A0114,ACCOUNT,TRANSFERRED_TO,A0006,ACCOUNT,synthetic_transaction
R00826,CF021,A0026,ACCOUNT,TRANSFERRED_TO,A0025,ACCOUNT,synthetic_transaction
R00827,CF010,A0021,ACCOUNT,TRANSFERRED_TO,A0036,ACCOUNT,synthetic_transaction
R00828,CF035,A0045,ACCOUNT,TRANSFERRED_TO,A0071,ACCOUNT,synthetic_transaction
R00829,CF020,A0079,ACCOUNT,TRANSFERRED_TO,A0115,ACCOUNT,synthetic_transaction
R00830,CF007,A0050,ACCOUNT,TRANSFERRED_TO,A0007,ACCOUNT,synthetic_transaction
R00831,CF023,A0040,ACCOUNT,TRANSFERRED_TO,A0043,ACCOUNT,synthetic_transaction
R00832,CF037,A0017,ACCOUNT,TRANSFERRED_TO,A0012,ACCOUNT,synthetic_transaction
R00833,CF031,A0030,ACCOUNT,TRANSFERRED_TO,A0029,ACCOUNT,synthetic_transaction
R00834,CF030,A0063,ACCOUNT,TRANSFERRED_TO,A0004,ACCOUNT,synthetic_transaction
R00835,CF023,A0078,ACCOUNT,TRANSFERRED_TO,A0074,ACCOUNT,synthetic_transaction
R00836,CF036,A0084,ACCOUNT,TRANSFERRED_TO,A0010,ACCOUNT,synthetic_transaction
R00837,CF040,A0032,ACCOUNT,TRANSFERRED_TO,A0071,ACCOUNT,synthetic_transaction
R00838,CF037,A0101,ACCOUNT,TRANSFERRED_TO,A0044,ACCOUNT,synthetic_transaction
R00839,CF032,A0015,ACCOUNT,TRANSFERRED_TO,A0076,ACCOUNT,synthetic_transaction
R00840,CF012,A0040,ACCOUNT,TRANSFERRED_TO,A0052,ACCOUNT,synthetic_transaction
R00841,CF004,A0012,ACCOUNT,TRANSFERRED_TO,A0028,ACCOUNT,synthetic_transaction
R00842,CF035,A0038,ACCOUNT,TRANSFERRED_TO,A0050,ACCOUNT,synthetic_transaction
R00843,CF037,A0102,ACCOUNT,TRANSFERRED_TO,A0117,ACCOUNT,synthetic_transaction
R00844,CF038,A0002,ACCOUNT,TRANSFERRED_TO,A0079,ACCOUNT,synthetic_transaction
R00845,CF036,A0007,ACCOUNT,TRANSFERRED_TO,A0001,ACCOUNT,synthetic_transaction
R00846,CF016,A0056,ACCOUNT,TRANSFERRED_TO,A0090,ACCOUNT,synthetic_transaction
R00847,CF028,A0070,ACCOUNT,TRANSFERRED_TO,A0028,ACCOUNT,synthetic_transaction
R00848,CF027,A0020,ACCOUNT,TRANSFERRED_TO,A0037,ACCOUNT,synthetic_transaction
R00849,CF032,A0085,ACCOUNT,TRANSFERRED_TO,A0056,ACCOUNT,synthetic_transaction
R00850,CF028,A0080,ACCOUNT,TRANSFERRED_TO,A0024,ACCOUNT,synthetic_transaction
R00851,CF023,A0029,ACCOUNT,TRANSFERRED_TO,A0024,ACCOUNT,synthetic_transaction
R00852,CF018,A0053,ACCOUNT,TRANSFERRED_TO,A0119,ACCOUNT,synthetic_transaction
R00853,CF008,A0075,ACCOUNT,TRANSFERRED_TO,A0062,ACCOUNT,synthetic_transaction
R00854,CF034,A0011,ACCOUNT,TRANSFERRED_TO,A0067,ACCOUNT,synthetic_transaction
R00855,CF038,A0040,ACCOUNT,TRANSFERRED_TO,A0079,ACCOUNT,synthetic_transaction
R00856,CF022,A0054,ACCOUNT,TRANSFERRED_TO,A0046,ACCOUNT,synthetic_transaction
R00857,CF017,A0008,ACCOUNT,TRANSFERRED_TO,A0081,ACCOUNT,synthetic_transaction
R00858,CF002,A0037,ACCOUNT,TRANSFERRED_TO,A0063,ACCOUNT,synthetic_transaction
R00859,CF009,A0079,ACCOUNT,TRANSFERRED_TO,A0036,ACCOUNT,synthetic_transaction
R00860,CF024,A0104,ACCOUNT,TRANSFERRED_TO,A0023,ACCOUNT,synthetic_transaction
R00861,CF003,PH0044,PHONE,CALLED,PH0011,PHONE,synthetic_call
R00862,CF025,PH0031,PHONE,CALLED,PH0085,PHONE,synthetic_call
R00863,CF023,PH0007,PHONE,CALLED,PH0083,PHONE,synthetic_call
R00864,CF031,PH0039,PHONE,CALLED,PH0061,PHONE,synthetic_call
R00865,CF010,PH0068,PHONE,CALLED,PH0112,PHONE,synthetic_call
R00866,CF034,PH0088,PHONE,CALLED,PH0006,PHONE,synthetic_call
R00867,CF018,PH0043,PHONE,CALLED,PH0035,PHONE,synthetic_call
R00868,CF038,PH0099,PHONE,CALLED,PH0025,PHONE,synthetic_call
R00869,CF001,PH0087,PHONE,CALLED,PH0002,PHONE,synthetic_call
R00870,CF029,PH0045,PHONE,CALLED,PH0029,PHONE,synthetic_call
R00871,CF006,PH0008,PHONE,CALLED,PH0077,PHONE,synthetic_call
R00872,CF006,PH0110,PHONE,CALLED,PH0078,PHONE,synthetic_call
R00873,CF017,PH0038,PHONE,CALLED,PH0060,PHONE,synthetic_call
R00874,CF021,PH0033,PHONE,CALLED,PH0021,PHONE,synthetic_call
R00875,CF022,PH0008,PHONE,CALLED,PH0034,PHONE,synthetic_call
R00876,CF040,PH0051,PHONE,CALLED,PH0023,PHONE,synthetic_call
R00877,CF014,PH0079,PHONE,CALLED,PH0083,PHONE,synthetic_call
R00878,CF005,PH0010,PHONE,CALLED,PH0074,PHONE,synthetic_call
R00879,CF003,PH0086,PHONE,CALLED,PH0050,PHONE,synthetic_call
R00880,CF001,PH0066,PHONE,CALLED,PH0091,PHONE,synthetic_call
R00881,CF035,PH0029,PHONE,CALLED,PH0001,PHONE,synthetic_call
R00882,CF035,PH0120,PHONE,CALLED,PH0046,PHONE,synthetic_call
R00883,CF024,PH0069,PHONE,CALLED,PH0110,PHONE,synthetic_call
R00884,CF012,PH0071,PHONE,CALLED,PH0006,PHONE,synthetic_call
R00885,CF007,PH0081,PHONE,CALLED,PH0089,PHONE,synthetic_call
R00886,CF009,PH0005,PHONE,CALLED,PH0025,PHONE,synthetic_call
R00887,CF005,PH0102,PHONE,CALLED,PH0070,PHONE,synthetic_call
R00888,CF022,PH0008,PHONE,CALLED,PH0044,PHONE,synthetic_call
R00889,CF030,PH0087,PHONE,CALLED,PH0112,PHONE,synthetic_call
R00890,CF010,PH0063,PHONE,CALLED,PH0084,PHONE,synthetic_call
R00891,CF001,PH0023,PHONE,CALLED,PH0081,PHONE,synthetic_call
R00892,CF011,PH0107,PHONE,CALLED,PH0076,PHONE,synthetic_call
R00893,CF015,PH0009,PHONE,CALLED,PH0103,PHONE,synthetic_call
R00894,CF037,PH0070,PHONE,CALLED,PH0018,PHONE,synthetic_call
R00895,CF022,PH0009,PHONE,CALLED,PH0016,PHONE,synthetic_call
R00896,CF036,PH0022,PHONE,CALLED,PH0057,PHONE,synthetic_call
R00897,CF025,PH0100,PHONE,CALLED,PH0021,PHONE,synthetic_call
R00898,CF006,PH0091,PHONE,CALLED,PH0084,PHONE,synthetic_call
R00899,CF014,PH0019,PHONE,CALLED,PH0082,PHONE,synthetic_call
R00900,CF040,PH0089,PHONE,CALLED,PH0005,PHONE,synthetic_call
R00901,CF020,PH0045,PHONE,CALLED,PH0054,PHONE,synthetic_call
R00902,CF007,PH0080,PHONE,CALLED,PH0047,PHONE,synthetic_call
R00903,CF018,PH0007,PHONE,CALLED,PH0025,PHONE,synthetic_call
R00904,CF011,PH0086,PHONE,CALLED,PH0119,PHONE,synthetic_call
R00905,CF028,PH0033,PHONE,CALLED,PH0043,PHONE,synthetic_call
R00906,CF035,PH0023,PHONE,CALLED,PH0021,PHONE,synthetic_call
R00907,CF029,PH0076,PHONE,CALLED,PH0075,PHONE,synthetic_call
R00908,CF021,PH0030,PHONE,CALLED,PH0013,PHONE,synthetic_call
R00909,CF005,PH0061,PHONE,CALLED,PH0075,PHONE,synthetic_call
R00910,CF040,PH0059,PHONE,CALLED,PH0023,PHONE,synthetic_call
R00911,CF023,PH0035,PHONE,CALLED,PH0026,PHONE,synthetic_call
R00912,CF008,PH0110,PHONE,CALLED,PH0060,PHONE,synthetic_call
R00913,CF039,PH0021,PHONE,CALLED,PH0102,PHONE,synthetic_call
R00914,CF015,PH0012,PHONE,CALLED,PH0053,PHONE,synthetic_call
R00915,CF030,PH0036,PHONE,CALLED,PH0002,PHONE,synthetic_call
R00916,CF028,PH0075,PHONE,CALLED,PH0029,PHONE,synthetic_call
R00917,CF003,PH0061,PHONE,CALLED,PH0094,PHONE,synthetic_call
R00918,CF029,PH0064,PHONE,CALLED,PH0031,PHONE,synthetic_call
R00919,CF014,PH0017,PHONE,CALLED,PH0046,PHONE,synthetic_call
R00920,CF020,PH0021,PHONE,CALLED,PH0091,PHONE,synthetic_call
R00921,CF009,PH0112,PHONE,CALLED,PH0091,PHONE,synthetic_call
R00922,CF001,PH0111,PHONE,CALLED,PH0081,PHONE,synthetic_call
R00923,CF019,PH0055,PHONE,CALLED,PH0097,PHONE,synthetic_call
R00924,CF040,PH0113,PHONE,CALLED,PH0043,PHONE,synthetic_call
R00925,CF025,PH0047,PHONE,CALLED,PH0060,PHONE,synthetic_call
R00926,CF005,PH0072,PHONE,CALLED,PH0091,PHONE,synthetic_call
R00927,CF031,PH0095,PHONE,CALLED,PH0097,PHONE,synthetic_call
R00928,CF018,PH0065,PHONE,CALLED,PH0088,PHONE,synthetic_call
R00929,CF029,PH0063,PHONE,CALLED,PH0065,PHONE,synthetic_call
R00930,CF024,PH0103,PHONE,CALLED,PH0087,PHONE,synthetic_call
R00931,CF026,PH0115,PHONE,CALLED,PH0023,PHONE,synthetic_call
R00932,CF010,PH0064,PHONE,CALLED,PH0020,PHONE,synthetic_call
R00933,CF035,PH0120,PHONE,CALLED,PH0017,PHONE,synthetic_call
R00934,CF019,PH0025,PHONE,CALLED,PH0009,PHONE,synthetic_call
R00935,CF022,PH0084,PHONE,CALLED,PH0083,PHONE,synthetic_call
R00936,CF037,PH0017,PHONE,CALLED,PH0115,PHONE,synthetic_call
R00937,CF024,PH0037,PHONE,CALLED,PH0099,PHONE,synthetic_call
R00938,CF040,PH0119,PHONE,CALLED,PH0021,PHONE,synthetic_call
R00939,CF011,PH0031,PHONE,CALLED,PH0015,PHONE,synthetic_call
R00940,CF024,PH0024,PHONE,CALLED,PH0027,PHONE,synthetic_call
R00941,CF024,PH0058,PHONE,CALLED,PH0070,PHONE,synthetic_call
R00942,CF032,PH0099,PHONE,CALLED,PH0019,PHONE,synthetic_call
R00943,CF033,PH0043,PHONE,CALLED,PH0083,PHONE,synthetic_call
R00944,CF037,PH0094,PHONE,CALLED,PH0117,PHONE,synthetic_call
R00945,CF003,PH0018,PHONE,CALLED,PH0087,PHONE,synthetic_call
R00946,CF015,PH0058,PHONE,CALLED,PH0046,PHONE,synthetic_call
R00947,CF015,PH0101,PHONE,CALLED,PH0120,PHONE,synthetic_call
R00948,CF006,PH0066,PHONE,CALLED,PH0051,PHONE,synthetic_call
R00949,CF026,PH0019,PHONE,CALLED,PH0092,PHONE,synthetic_call
R00950,CF023,PH0045,PHONE,CALLED,PH0040,PHONE,synthetic_call
R00951,CF027,PH0103,PHONE,CALLED,PH0057,PHONE,synthetic_call
R00952,CF009,PH0107,PHONE,CALLED,PH0076,PHONE,synthetic_call
R00953,CF034,PH0043,PHONE,CALLED,PH0009,PHONE,synthetic_call
R00954,CF027,PH0023,PHONE,CALLED,PH0072,PHONE,synthetic_call
R00955,CF025,PH0038,PHONE,CALLED,PH0071,PHONE,synthetic_call
R00956,CF032,PH0072,PHONE,CALLED,PH0095,PHONE,synthetic_call
R00957,CF020,PH0082,PHONE,CALLED,PH0107,PHONE,synthetic_call
R00958,CF032,PH0117,PHONE,CALLED,PH0089,PHONE,synthetic_call
R00959,CF005,PH0077,PHONE,CALLED,PH0096,PHONE,synthetic_call
R00960,CF008,PH0048,PHONE,CALLED,PH0066,PHONE,synthetic_call
R00961,CF004,PH0019,PHONE,CALLED,PH0041,PHONE,synthetic_call
R00962,CF018,PH0047,PHONE,CALLED,PH0054,PHONE,synthetic_call
R00963,CF005,PH0066,PHONE,CALLED,PH0025,PHONE,synthetic_call
R00964,CF035,PH0042,PHONE,CALLED,PH0112,PHONE,synthetic_call
R00965,CF007,PH0069,PHONE,CALLED,PH0075,PHONE,synthetic_call
R00966,CF024,PH0100,PHONE,CALLED,PH0063,PHONE,synthetic_call
R00967,CF010,PH0065,PHONE,CALLED,PH0029,PHONE,synthetic_call
R00968,CF005,PH0015,PHONE,CALLED,PH0105,PHONE,synthetic_call
R00969,CF009,PH0105,PHONE,CALLED,PH0057,PHONE,synthetic_call
R00970,CF002,PH0096,PHONE,CALLED,PH0105,PHONE,synthetic_call
R00971,CF020,PH0017,PHONE,CALLED,PH0027,PHONE,synthetic_call
R00972,CF031,PH0097,PHONE,CALLED,PH0056,PHONE,synthetic_call
R00973,CF038,PH0008,PHONE,CALLED,PH0061,PHONE,synthetic_call
R00974,CF007,PH0101,PHONE,CALLED,PH0016,PHONE,synthetic_call
R00975,CF002,PH0012,PHONE,CALLED,PH0019,PHONE,synthetic_call
R00976,CF040,PH0031,PHONE,CALLED,PH0065,PHONE,synthetic_call
R00977,CF013,PH0037,PHONE,CALLED,PH0022,PHONE,synthetic_call
R00978,CF031,PH0047,PHONE,CALLED,PH0090,PHONE,synthetic_call
R00979,CF025,PH0055,PHONE,CALLED,PH0028,PHONE,synthetic_call
R00980,CF030,PH0015,PHONE,CALLED,PH0067,PHONE,synthetic_call
R00981,CF036,PH0093,PHONE,CALLED,PH0006,PHONE,synthetic_call
R00982,CF030,PH0077,PHONE,CALLED,PH0095,PHONE,synthetic_call
R00983,CF027,PH0038,PHONE,CALLED,PH0110,PHONE,synthetic_call
R00984,CF012,PH0002,PHONE,CALLED,PH0087,PHONE,synthetic_call
R00985,CF006,PH0016,PHONE,CALLED,PH0019,PHONE,synthetic_call
R00986,CF005,PH0047,PHONE,CALLED,PH0026,PHONE,synthetic_call
R00987,CF028,PH0093,PHONE,CALLED,PH0064,PHONE,synthetic_call
R00988,CF023,PH0061,PHONE,CALLED,PH0086,PHONE,synthetic_call
R00989,CF007,PH0016,PHONE,CALLED,PH0033,PHONE,synthetic_call
R00990,CF004,PH0107,PHONE,CALLED,PH0009,PHONE,synthetic_call
R00991,CF021,PH0020,PHONE,CALLED,PH0039,PHONE,synthetic_call
R00992,CF032,PH0102,PHONE,CALLED,PH0060,PHONE,synthetic_call
R00993,CF017,PH0070,PHONE,CALLED,PH0044,PHONE,synthetic_call
R00994,CF025,PH0058,PHONE,CALLED,PH0041,PHONE,synthetic_call
R00995,CF036,PH0085,PHONE,CALLED,PH0111,PHONE,synthetic_call
R00996,CF020,PH0092,PHONE,CALLED,PH0050,PHONE,synthetic_call
R00997,CF035,PH0074,PHONE,CALLED,PH0061,PHONE,synthetic_call
R00998,CF026,PH0034,PHONE,CALLED,PH0064,PHONE,synthetic_call
R00999,CF004,PH0004,PHONE,CALLED,PH0076,PHONE,synthetic_call
R01000,CF002,PH0098,PHONE,CALLED,PH0115,PHONE,synthetic_call
R01001,CF023,PH0053,PHONE,CALLED,PH0045,PHONE,synthetic_call
R01002,CF038,PH0011,PHONE,CALLED,PH0117,PHONE,synthetic_call
R01003,CF011,PH0003,PHONE,CALLED,PH0069,PHONE,synthetic_call
R01004,CF027,PH0035,PHONE,CALLED,PH0003,PHONE,synthetic_call
R01005,CF037,PH0050,PHONE,CALLED,PH0042,PHONE,synthetic_call
R01006,CF022,PH0064,PHONE,CALLED,PH0065,PHONE,synthetic_call
R01007,CF013,PH0064,PHONE,CALLED,PH0082,PHONE,synthetic_call
R01008,CF020,PH0074,PHONE,CALLED,PH0052,PHONE,synthetic_call
R01009,CF007,PH0076,PHONE,CALLED,PH0044,PHONE,synthetic_call
R01010,CF023,PH0102,PHONE,CALLED,PH0010,PHONE,synthetic_call
R01011,CF021,PH0026,PHONE,CALLED,PH0054,PHONE,synthetic_call
R01012,CF012,PH0113,PHONE,CALLED,PH0003,PHONE,synthetic_call
R01013,CF014,PH0085,PHONE,CALLED,PH0106,PHONE,synthetic_call
R01014,CF034,PH0026,PHONE,CALLED,PH0047,PHONE,synthetic_call
R01015,CF028,PH0053,PHONE,CALLED,PH0041,PHONE,synthetic_call
R01016,CF011,PH0033,PHONE,CALLED,PH0088,PHONE,synthetic_call
R01017,CF013,PH0004,PHONE,CALLED,PH0032,PHONE,synthetic_call
R01018,CF013,PH0021,PHONE,CALLED,PH0035,PHONE,synthetic_call
R01019,CF012,PH0083,PHONE,CALLED,PH0110,PHONE,synthetic_call
R01020,CF021,PH0078,PHONE,CALLED,PH0039,PHONE,synthetic_call
R01021,CF026,PH0108,PHONE,CALLED,PH0093,PHONE,synthetic_call
R01022,CF034,PH0033,PHONE,CALLED,PH0064,PHONE,synthetic_call
R01023,CF038,PH0095,PHONE,CALLED,PH0050,PHONE,synthetic_call
R01024,CF014,PH0036,PHONE,CALLED,PH0057,PHONE,synthetic_call
R01025,CF024,PH0090,PHONE,CALLED,PH0015,PHONE,synthetic_call
R01026,CF018,PH0113,PHONE,CALLED,PH0101,PHONE,synthetic_call
R01027,CF039,PH0005,PHONE,CALLED,PH0108,PHONE,synthetic_call
R01028,CF025,PH0040,PHONE,CALLED,PH0082,PHONE,synthetic_call
R01029,CF029,PH0050,PHONE,CALLED,PH0002,PHONE,synthetic_call
R01030,CF014,PH0111,PHONE,CALLED,PH0114,PHONE,synthetic_call
R01031,CF003,PH0036,PHONE,CALLED,PH0111,PHONE,synthetic_call
R01032,CF007,PH0106,PHONE,CALLED,PH0021,PHONE,synthetic_call
R01033,CF039,PH0094,PHONE,CALLED,PH0105,PHONE,synthetic_call
R01034,CF004,PH0083,PHONE,CALLED,PH0024,PHONE,synthetic_call
R01035,CF013,PH0081,PHONE,CALLED,PH0040,PHONE,synthetic_call
R01036,CF034,PH0092,PHONE,CALLED,PH0099,PHONE,synthetic_call
R01037,CF031,PH0112,PHONE,CALLED,PH0095,PHONE,synthetic_call
R01038,CF006,PH0054,PHONE,CALLED,PH0048,PHONE,synthetic_call
R01039,CF002,PH0003,PHONE,CALLED,PH0119,PHONE,synthetic_call
R01040,CF013,PH0034,PHONE,CALLED,PH0090,PHONE,synthetic_call
R01041,CF010,PH0012,PHONE,CALLED,PH0048,PHONE,synthetic_call
R01042,CF028,PH0099,PHONE,CALLED,PH0118,PHONE,synthetic_call
R01043,CF013,PH0111,PHONE,CALLED,PH0105,PHONE,synthetic_call
R01044,CF028,PH0110,PHONE,CALLED,PH0027,PHONE,synthetic_call
R01045,CF027,PH0024,PHONE,CALLED,PH0053,PHONE,synthetic_call
R01046,CF029,PH0117,PHONE,CALLED,PH0032,PHONE,synthetic_call
R01047,CF031,PH0018,PHONE,CALLED,PH0112,PHONE,synthetic_call
R01048,CF028,PH0095,PHONE,CALLED,PH0077,PHONE,synthetic_call
R01049,CF016,PH0061,PHONE,CALLED,PH0117,PHONE,synthetic_call
R01050,CF033,PH0080,PHONE,CALLED,PH0049,PHONE,synthetic_call
R01051,CF003,PH0075,PHONE,CALLED,PH0023,PHONE,synthetic_call
R01052,CF009,PH0012,PHONE,CALLED,PH0041,PHONE,synthetic_call
R01053,CF021,PH0006,PHONE,CALLED,PH0017,PHONE,synthetic_call
R01054,CF017,PH0079,PHONE,CALLED,PH0107,PHONE,synthetic_call
R01055,CF032,PH0098,PHONE,CALLED,PH0020,PHONE,synthetic_call
R01056,CF010,PH0007,PHONE,CALLED,PH0030,PHONE,synthetic_call
R01057,CF028,PH0015,PHONE,CALLED,PH0115,PHONE,synthetic_call
R01058,CF032,PH0059,PHONE,CALLED,PH0064,PHONE,synthetic_call
R01059,CF006,PH0027,PHONE,CALLED,PH0112,PHONE,synthetic_call
R01060,CF018,PH0073,PHONE,CALLED,PH0115,PHONE,synthetic_call
R01061,CF012,PH0054,PHONE,CALLED,PH0118,PHONE,synthetic_call
R01062,CF022,PH0004,PHONE,CALLED,PH0037,PHONE,synthetic_call
R01063,CF007,PH0108,PHONE,CALLED,PH0042,PHONE,synthetic_call
R01064,CF030,PH0081,PHONE,CALLED,PH0035,PHONE,synthetic_call
R01065,CF029,PH0042,PHONE,CALLED,PH0094,PHONE,synthetic_call
R01066,CF021,PH0103,PHONE,CALLED,PH0008,PHONE,synthetic_call
R01067,CF017,PH0023,PHONE,CALLED,PH0031,PHONE,synthetic_call
R01068,CF026,PH0037,PHONE,CALLED,PH0083,PHONE,synthetic_call
R01069,CF020,PH0116,PHONE,CALLED,PH0088,PHONE,synthetic_call
R01070,CF013,PH0063,PHONE,CALLED,PH0058,PHONE,synthetic_call
R01071,CF024,PH0079,PHONE,CALLED,PH0024,PHONE,synthetic_call
R01072,CF022,PH0060,PHONE,CALLED,PH0087,PHONE,synthetic_call
R01073,CF034,PH0011,PHONE,CALLED,PH0038,PHONE,synthetic_call
R01074,CF009,PH0088,PHONE,CALLED,PH0116,PHONE,synthetic_call
R01075,CF004,PH0071,PHONE,CALLED,PH0010,PHONE,synthetic_call
R01076,CF030,PH0085,PHONE,CALLED,PH0093,PHONE,synthetic_call
R01077,CF033,PH0003,PHONE,CALLED,PH0015,PHONE,synthetic_call
R01078,CF006,PH0054,PHONE,CALLED,PH0113,PHONE,synthetic_call
R01079,CF040,PH0104,PHONE,CALLED,PH0034,PHONE,synthetic_call
R01080,CF017,PH0112,PHONE,CALLED,PH0087,PHONE,synthetic_call
R01081,CF008,PH0002,PHONE,CALLED,PH0022,PHONE,synthetic_call
R01082,CF032,PH0039,PHONE,CALLED,PH0080,PHONE,synthetic_call
R01083,CF009,PH0018,PHONE,CALLED,PH0002,PHONE,synthetic_call
R01084,CF002,PH0027,PHONE,CALLED,PH0062,PHONE,synthetic_call
R01085,CF013,PH0012,PHONE,CALLED,PH0039,PHONE,synthetic_call
R01086,CF011,PH0116,PHONE,CALLED,PH0020,PHONE,synthetic_call
R01087,CF038,PH0032,PHONE,CALLED,PH0026,PHONE,synthetic_call
R01088,CF001,PH0014,PHONE,CALLED,PH0081,PHONE,synthetic_call
R01089,CF039,PH0094,PHONE,CALLED,PH0071,PHONE,synthetic_call
R01090,CF038,PH0093,PHONE,CALLED,PH0079,PHONE,synthetic_call
R01091,CF028,PH0074,PHONE,CALLED,PH0041,PHONE,synthetic_call
R01092,CF032,PH0080,PHONE,CALLED,PH0083,PHONE,synthetic_call
R01093,CF019,PH0093,PHONE,CALLED,PH0025,PHONE,synthetic_call
R01094,CF038,PH0117,PHONE,CALLED,PH0088,PHONE,synthetic_call
R01095,CF025,PH0054,PHONE,CALLED,PH0107,PHONE,synthetic_call
R01096,CF040,PH0027,PHONE,CALLED,PH0037,PHONE,synthetic_call
R01097,CF013,PH0021,PHONE,CALLED,PH0078,PHONE,synthetic_call
R01098,CF016,PH0027,PHONE,CALLED,PH0072,PHONE,synthetic_call
R01099,CF012,PH0106,PHONE,CALLED,PH0111,PHONE,synthetic_call
R01100,CF008,PH0080,PHONE,CALLED,PH0030,PHONE,synthetic_call
R01101,CF023,PH0099,PHONE,CALLED,PH0006,PHONE,synthetic_call
R01102,CF039,PH0086,PHONE,CALLED,PH0014,PHONE,synthetic_call
R01103,CF007,PH0101,PHONE,CALLED,PH0079,PHONE,synthetic_call
R01104,CF011,PH0081,PHONE,CALLED,PH0016,PHONE,synthetic_call
R01105,CF033,PH0064,PHONE,CALLED,PH0094,PHONE,synthetic_call
R01106,CF008,PH0109,PHONE,CALLED,PH0026,PHONE,synthetic_call
R01107,CF022,PH0037,PHONE,CALLED,PH0065,PHONE,synthetic_call
R01108,CF024,PH0081,PHONE,CALLED,PH0086,PHONE,synthetic_call
R01109,CF028,PH0053,PHONE,CALLED,PH0118,PHONE,synthetic_call
R01110,CF010,PH0099,PHONE,CALLED,PH0002,PHONE,synthetic_call
R01111,CF011,PH0056,PHONE,CALLED,PH0008,PHONE,synthetic_call
R01112,CF034,PH0038,PHONE,CALLED,PH0054,PHONE,synthetic_call
R01113,CF023,PH0002,PHONE,CALLED,PH0106,PHONE,synthetic_call
R01114,CF029,PH0083,PHONE,CALLED,PH0027,PHONE,synthetic_call
R01115,CF026,PH0100,PHONE,CALLED,PH0026,PHONE,synthetic_call
R01116,CF034,PH0070,PHONE,CALLED,PH0037,PHONE,synthetic_call
R01117,CF011,PH0003,PHONE,CALLED,PH0004,PHONE,synthetic_call
R01118,CF033,PH0015,PHONE,CALLED,PH0094,PHONE,synthetic_call
R01119,CF008,PH0058,PHONE,CALLED,PH0039,PHONE,synthetic_call
R01120,CF038,PH0073,PHONE,CALLED,PH0092,PHONE,synthetic_call
R01121,CF019,PH0086,PHONE,CALLED,PH0101,PHONE,synthetic_call
R01122,CF007,PH0042,PHONE,CALLED,PH0067,PHONE,synthetic_call
R01123,CF010,PH0092,PHONE,CALLED,PH0055,PHONE,synthetic_call
R01124,CF031,PH0028,PHONE,CALLED,PH0058,PHONE,synthetic_call
R01125,CF034,PH0100,PHONE,CALLED,PH0051,PHONE,synthetic_call
R01126,CF027,PH0106,PHONE,CALLED,PH0021,PHONE,synthetic_call
R01127,CF009,PH0091,PHONE,CALLED,PH0066,PHONE,synthetic_call
R01128,CF003,PH0096,PHONE,CALLED,PH0021,PHONE,synthetic_call
R01129,CF008,PH0016,PHONE,CALLED,PH0048,PHONE,synthetic_call
R01130,CF020,PH0048,PHONE,CALLED,PH0039,PHONE,synthetic_call
R01131,CF027,PH0007,PHONE,CALLED,PH0120,PHONE,synthetic_call
R01132,CF001,PH0016,PHONE,CALLED,PH0071,PHONE,synthetic_call
R01133,CF037,PH0040,PHONE,CALLED,PH0073,PHONE,synthetic_call
R01134,CF009,PH0098,PHONE,CALLED,PH0018,PHONE,synthetic_call
R01135,CF010,PH0111,PHONE,CALLED,PH0094,PHONE,synthetic_call
R01136,CF026,PH0044,PHONE,CALLED,PH0070,PHONE,synthetic_call
R01137,CF006,PH0111,PHONE,CALLED,PH0022,PHONE,synthetic_call
R01138,CF036,PH0011,PHONE,CALLED,PH0025,PHONE,synthetic_call
R01139,CF013,PH0097,PHONE,CALLED,PH0061,PHONE,synthetic_call
R01140,CF014,PH0032,PHONE,CALLED,PH0107,PHONE,synthetic_call
R01141,CF021,PH0052,PHONE,CALLED,PH0076,PHONE,synthetic_call
R01142,CF012,PH0054,PHONE,CALLED,PH0004,PHONE,synthetic_call
R01143,CF007,PH0070,PHONE,CALLED,PH0022,PHONE,synthetic_call
R01144,CF020,PH0053,PHONE,CALLED,PH0087,PHONE,synthetic_call
R01145,CF004,PH0039,PHONE,CALLED,PH0050,PHONE,synthetic_call
R01146,CF025,PH0106,PHONE,CALLED,PH0116,PHONE,synthetic_call
R01147,CF016,PH0064,PHONE,CALLED,PH0066,PHONE,synthetic_call
R01148,CF030,PH0071,PHONE,CALLED,PH0053,PHONE,synthetic_call
R01149,CF002,PH0035,PHONE,CALLED,PH0071,PHONE,synthetic_call
R01150,CF020,PH0073,PHONE,CALLED,PH0053,PHONE,synthetic_call
R01151,CF035,PH0022,PHONE,CALLED,PH0101,PHONE,synthetic_call
R01152,CF030,PH0107,PHONE,CALLED,PH0080,PHONE,synthetic_call
R01153,CF018,PH0077,PHONE,CALLED,PH0033,PHONE,synthetic_call
R01154,CF019,PH0006,PHONE,CALLED,PH0021,PHONE,synthetic_call
R01155,CF008,PH0107,PHONE,CALLED,PH0018,PHONE,synthetic_call
R01156,CF033,PH0103,PHONE,CALLED,PH0041,PHONE,synthetic_call
R01157,CF018,PH0032,PHONE,CALLED,PH0085,PHONE,synthetic_call
R01158,CF002,PH0117,PHONE,CALLED,PH0089,PHONE,synthetic_call
R01159,CF001,PH0116,PHONE,CALLED,PH0002,PHONE,synthetic_call
R01160,CF006,PH0101,PHONE,CALLED,PH0113,PHONE,synthetic_call
R01161,CF002,P0087,PERSON,COMMUNICATED_WITH,P0016,PERSON,synthetic_pattern
R01162,CF002,P0046,PERSON,COMMUNICATED_WITH,P0105,PERSON,synthetic_pattern
R01163,CF002,A0049,ACCOUNT,TRANSFERRED_TO,A0106,ACCOUNT,synthetic_circular_pattern
R01164,CF002,A0106,ACCOUNT,TRANSFERRED_TO,A0077,ACCOUNT,synthetic_circular_pattern
R01165,CF002,A0077,ACCOUNT,TRANSFERRED_TO,A0049,ACCOUNT,synthetic_circular_pattern
R01166,CF005,P0060,PERSON,COMMUNICATED_WITH,P0048,PERSON,synthetic_pattern
R01167,CF005,P0120,PERSON,COMMUNICATED_WITH,P0025,PERSON,synthetic_pattern
R01168,CF005,A0057,ACCOUNT,TRANSFERRED_TO,A0002,ACCOUNT,synthetic_circular_pattern
R01169,CF005,A0002,ACCOUNT,TRANSFERRED_TO,A0029,ACCOUNT,synthetic_circular_pattern
R01170,CF005,A0029,ACCOUNT,TRANSFERRED_TO,A0057,ACCOUNT,synthetic_circular_pattern
