transaction_id,case_id,timestamp,sender_account,receiver_account,amount,currency,transaction_type,channel_location_id,fraud_flag
T00001,CF010,2025-05-28T22:05:00,A0038,A0006,45000,INR,NEFT,L008,0
T00002,CF014,2025-10-03T08:59:00,A0026,A0106,250000,INR,NEFT,L003,1
T00003,CF007,2025-10-28T07:15:00,A0079,A0095,5000,INR,IMPS,L004,0
T00004,CF004,2025-06-19T22:30:00,A0013,A0053,7500,INR,IMPS,L001,0
T00005,CF036,2025-07-28T20:59:00,A0119,A0021,125000,INR,Wallet,L004,1
T00006,CF019,2025-11-27T01:58:00,A0042,A0037,7500,INR,IMPS,L009,0
T00007,CF003,2025-03-31T13:56:00,A0117,A0118,12000,INR,UPI,L007,0
T00008,CF032,2025-05-29T01:00:00,A0024,A0120,25000,INR,UPI,L006,0
T00009,CF019,2025-10-06T16:31:00,A0059,A0083,12000,INR,Wallet,L005,0
T00010,CF013,2025-06-19T05:46:00,A0104,A0015,125000,INR,NEFT,L003,1
T00011,CF001,2025-06-01T18:43:00,A0095,A0044,18000,INR,Wallet,L007,0
T00012,CF033,2025-07-25T21:06:00,A0042,A0012,12000,INR,Wallet,L006,0
T00013,CF016,2025-07-16T07:28:00,A0001,A0034,25000,INR,NEFT,L010,0
T00014,CF037,2025-12-01T11:44:00,A0002,A0034,18000,INR,UPI,L008,1
T00015,CF020,2025-12-18T16:59:00,A0021,A0052,25000,INR,NEFT,L006,0
T00016,CF040,2025-09-02T04:29:00,A0029,A0018,45000,INR,Wallet,L009,0
T00017,CF014,2025-12-15T19:55:00,A0098,A0032,7500,INR,NEFT,L002,0
T00018,CF037,2025-10-08T16:12:00,A0015,A0008,250000,INR,IMPS,L003,1
T00019,CF021,2025-08-15T03:43:00,A0110,A0067,18000,INR,Wallet,L002,0
T00020,CF033,2025-01-29T14:08:00,A0058,A0104,250000,INR,Wallet,L008,1
T00021,CF037,2025-08-25T21:51:00,A0008,A0072,25000,INR,Wallet,L005,0
T00022,CF001,2025-10-24T02:02:00,A0096,A0028,75000,INR,NEFT,L002,1
T00023,CF035,2025-02-05T15:02:00,A0008,A0120,25000,INR,IMPS,L007,0
T00024,CF024,2025-08-18T12:24:00,A0115,A0049,7500,INR,IMPS,L006,0
T00025,CF008,2025-07-21T16:08:00,A0023,A0069,18000,INR,UPI,L005,0
T00026,CF030,2025-10-06T13:34:00,A0087,A0093,75000,INR,IMPS,L004,1
T00027,CF030,2025-05-22T06:59:00,A0045,A0020,7500,INR,Wallet,L010,1
T00028,CF002,2025-02-04T03:38:00,A0031,A0027,5000,INR,UPI,L004,0
T00029,CF003,2025-04-30T17:13:00,A0052,A0057,5000,INR,NEFT,L004,0
T00030,CF037,2025-11-03T21:52:00,A0041,A0074,45000,INR,IMPS,L009,0
T00031,CF015,2025-05-21T01:35:00,A0053,A0039,12000,INR,Wallet,L009,0
T00032,CF032,2025-11-26T21:24:00,A0007,A0045,250000,INR,NEFT,L007,1
T00033,CF027,2025-07-12T05:48:00,A0020,A0039,250000,INR,Wallet,L004,1
T00034,CF015,2025-12-29T04:51:00,A0039,A0110,125000,INR,UPI,L009,1
T00035,CF027,2025-09-29T04:24:00,A0054,A0072,18000,INR,NEFT,L002,0
T00036,CF029,2025-02-17T17:46:00,A0109,A0048,18000,INR,Wallet,L010,1
T00037,CF039,2025-02-07T06:51:00,A0006,A0112,250000,INR,IMPS,L008,1
T00038,CF014,2025-06-20T09:58:00,A0112,A0117,5000,INR,IMPS,L002,0
T00039,CF031,2025-12-23T19:45:00,A0118,A0032,18000,INR,IMPS,L009,0
T00040,CF021,2025-07-14T14:34:00,A0100,A0037,45000,INR,NEFT,L009,0
T00041,CF032,2025-08-29T10:58:00,A0060,A0013,18000,INR,Wallet,L001,0
T00042,CF037,2025-03-16T00:16:00,A0111,A0029,250000,INR,Wallet,L005,1
T00043,CF010,2025-04-28T12:36:00,A0026,A0043,18000,INR,NEFT,L005,0
T00044,CF032,2025-09-09T14:10:00,A0093,A0083,45000,INR,Wallet,L003,0
T00045,CF035,2025-09-26T01:53:00,A0083,A0008,7500,INR,UPI,L001,0
T00046,CF027,2025-11-19T07:04:00,A0018,A0108,12000,INR,Wallet,L006,1
T00047,CF004,2025-12-08T19:58:00,A0080,A0082,125000,INR,Wallet,L001,1
T00048,CF001,2025-07-30T00:01:00,A0069,A0071,250000,INR,NEFT,L009,1
T00049,CF019,2025-12-24T21:27:00,A0003,A0065,12000,INR,UPI,L009,1
T00050,CF010,2025-11-14T16:16:00,A0031,A0025,45000,INR,Wallet,L002,0
T00051,CF024,2025-10-17T07:44:00,A0052,A0059,18000,INR,UPI,L001,0
T00052,CF006,2025-07-13T17:30:00,A0052,A0049,5000,INR,IMPS,L002,0
T00053,CF032,2025-11-27T10:36:00,A0109,A0056,7500,INR,UPI,L004,0
T00054,CF014,2025-12-21T18:30:00,A0116,A0112,25000,INR,UPI,L005,1
T00055,CF035,2025-01-17T05:59:00,A0073,A0085,45000,INR,IMPS,L010,1
T00056,CF010,2025-12-31T12:59:00,A0097,A0106,7500,INR,IMPS,L010,0
T00057,CF025,2025-10-04T10:24:00,A0087,A0115,12000,INR,UPI,L009,0
T00058,CF023,2025-08-12T07:53:00,A0007,A0013,7500,INR,Wallet,L006,0
T00059,CF002,2025-08-19T15:14:00,A0082,A0035,45000,INR,Wallet,L007,0
T00060,CF012,2025-12-05T12:05:00,A0088,A0075,25000,INR,UPI,L002,0
T00061,CF018,2025-12-31T20:09:00,A0020,A0049,75000,INR,NEFT,L006,1
T00062,CF007,2025-06-07T14:23:00,A0012,A0001,25000,INR,UPI,L003,1
T00063,CF028,2025-10-12T16:26:00,A0058,A0072,7500,INR,NEFT,L009,1
T00064,CF006,2025-06-16T12:00:00,A0077,A0101,25000,INR,UPI,L009,0
T00065,CF016,2025-03-28T21:24:00,A0074,A0067,12000,INR,NEFT,L005,0
T00066,CF032,2025-03-27T13:17:00,A0019,A0009,75000,INR,NEFT,L008,1
T00067,CF005,2025-05-07T23:40:00,A0047,A0033,125000,INR,IMPS,L008,1
T00068,CF007,2025-01-04T12:21:00,A0018,A0039,75000,INR,NEFT,L008,1
T00069,CF022,2025-11-30T19:08:00,A0056,A0105,25000,INR,IMPS,L008,0
T00070,CF021,2025-06-13T09:47:00,A0023,A0051,125000,INR,IMPS,L006,1
T00071,CF025,2025-07-21T11:07:00,A0036,A0105,18000,INR,IMPS,L009,0
T00072,CF002,2025-12-29T06:28:00,A0094,A0060,25000,INR,UPI,L007,0
T00073,CF032,2025-06-05T07:16:00,A0018,A0082,12000,INR,Wallet,L002,0
T00074,CF029,2025-10-26T12:34:00,A0077,A0062,250000,INR,Wallet,L009,1
T00075,CF003,2025-12-26T17:38:00,A0102,A0047,7500,INR,IMPS,L006,1
T00076,CF011,2025-01-23T18:41:00,A0083,A0079,75000,INR,NEFT,L007,1
T00077,CF007,2025-05-13T07:32:00,A0002,A0013,250000,INR,IMPS,L008,1
T00078,CF024,2025-12-14T18:44:00,A0051,A0060,250000,INR,IMPS,L006,1
T00079,CF002,2025-06-01T13:58:00,A0062,A0014,7500,INR,IMPS,L006,1
T00080,CF020,2025-04-16T16:30:00,A0044,A0059,45000,INR,Wallet,L008,0
T00081,CF021,2025-01-23T22:07:00,A0009,A0039,5000,INR,UPI,L003,0
T00082,CF016,2025-10-10T05:21:00,A0067,A0023,250000,INR,Wallet,L008,1
T00083,CF015,2025-11-19T05:11:00,A0103,A0052,75000,INR,Wallet,L001,1
T00084,CF040,2025-08-19T18:27:00,A0114,A0026,75000,INR,UPI,L004,1
T00085,CF014,2025-12-27T02:36:00,A0036,A0097,7500,INR,IMPS,L006,0
T00086,CF021,2025-02-28T08:42:00,A0026,A0059,125000,INR,NEFT,L010,1
T00087,CF025,2025-10-28T03:22:00,A0079,A0051,45000,INR,IMPS,L005,0
T00088,CF040,2025-12-11T04:20:00,A0076,A0011,7500,INR,UPI,L003,0
T00089,CF024,2025-09-19T12:26:00,A0089,A0019,12000,INR,Wallet,L003,0
T00090,CF032,2025-12-22T20:59:00,A0082,A0069,12000,INR,Wallet,L005,0
T00091,CF009,2025-08-19T19:03:00,A0024,A0041,45000,INR,Wallet,L003,0
T00092,CF013,2025-10-15T16:41:00,A0105,A0050,125000,INR,Wallet,L008,1
T00093,CF027,2025-08-16T15:10:00,A0091,A0108,7500,INR,IMPS,L005,0
T00094,CF003,2025-10-03T09:10:00,A0036,A0029,125000,INR,Wallet,L009,1
T00095,CF033,2025-02-28T08:49:00,A0015,A0074,250000,INR,NEFT,L009,1
T00096,CF003,2025-08-14T17:13:00,A0098,A0093,75000,INR,UPI,L004,1
T00097,CF020,2025-08-19T08:22:00,A0112,A0005,7500,INR,UPI,L004,0
T00098,CF014,2025-10-29T22:22:00,A0104,A0095,75000,INR,IMPS,L010,1
T00099,CF009,2025-04-16T01:36:00,A0101,A0027,45000,INR,IMPS,L006,0
T00100,CF019,2025-05-17T16:57:00,A0038,A0074,7500,INR,Wallet,L001,0
T00101,CF018,2025-03-06T22:55:00,A0111,A0084,12000,INR,NEFT,L004,0
T00102,CF026,2025-10-23T20:17:00,A0063,A0019,75000,INR,Wallet,L008,1
T00103,CF005,2025-02-17T12:32:00,A0082,A0102,25000,INR,NEFT,L008,0
T00104,CF032,2025-01-02T23:05:00,A0042,A0075,125000,INR,NEFT,L002,1
T00105,CF035,2025-08-08T06:31:00,A0051,A0028,25000,INR,NEFT,L006,0
T00106,CF036,2025-10-17T15:50:00,A0074,A0017,45000,INR,UPI,L001,0
T00107,CF007,2025-08-24T00:07:00,A0081,A0101,12000,INR,UPI,L007,0
T00108,CF013,2025-03-09T20:19:00,A0089,A0117,12000,INR,NEFT,L002,0
T00109,CF024,2025-07-10T21:57:00,A0033,A0011,12000,INR,NEFT,L004,1
T00110,CF028,2025-12-27T03:00:00,A0084,A0012,18000,INR,IMPS,L010,0
T00111,CF015,2025-08-16T00:00:00,A0067,A0088,45000,INR,Wallet,L003,0
T00112,CF031,2025-07-16T02:46:00,A0010,A0030,7500,INR,NEFT,L005,1
T00113,CF009,2025-03-10T20:43:00,A0049,A0100,12000,INR,UPI,L010,1
T00114,CF011,2025-04-20T20:47:00,A0057,A0045,12000,INR,Wallet,L004,0
T00115,CF006,2025-03-13T03:37:00,A0115,A0013,75000,INR,NEFT,L007,1
T00116,CF021,2025-05-07T08:41:00,A0102,A0018,7500,INR,NEFT,L001,0
T00117,CF020,2025-11-07T16:12:00,A0027,A0067,75000,INR,NEFT,L001,1
T00118,CF016,2025-02-27T07:31:00,A0064,A0050,7500,INR,UPI,L006,0
T00119,CF021,2025-10-19T13:23:00,A0017,A0050,250000,INR,IMPS,L008,1
T00120,CF005,2025-02-04T00:16:00,A0003,A0076,18000,INR,UPI,L007,1
T00121,CF033,2025-12-31T16:49:00,A0037,A0081,75000,INR,Wallet,L007,1
T00122,CF006,2025-10-03T19:09:00,A0082,A0069,25000,INR,UPI,L009,1
T00123,CF014,2025-10-02T10:25:00,A0104,A0020,7500,INR,Wallet,L004,0
T00124,CF004,2025-08-11T03:29:00,A0032,A0012,5000,INR,IMPS,L002,0
T00125,CF001,2025-12-26T00:10:00,A0091,A0018,125000,INR,NEFT,L009,1
T00126,CF034,2025-05-13T05:23:00,A0101,A0106,12000,INR,NEFT,L002,0
T00127,CF002,2025-08-08T08:33:00,A0043,A0104,7500,INR,UPI,L008,0
T00128,CF030,2025-01-29T15:54:00,A0066,A0047,12000,INR,NEFT,L002,0
T00129,CF037,2025-03-01T07:47:00,A0087,A0093,250000,INR,UPI,L001,1
T00130,CF001,2025-08-30T11:24:00,A0032,A0006,12000,INR,UPI,L009,0
T00131,CF027,2025-05-08T13:58:00,A0029,A0042,45000,INR,UPI,L010,0
T00132,CF024,2025-12-11T01:11:00,A0016,A0065,18000,INR,UPI,L007,0
T00133,CF005,2025-05-25T09:20:00,A0113,A0060,7500,INR,UPI,L006,0
T00134,CF013,2025-06-05T23:39:00,A0038,A0073,18000,INR,Wallet,L004,0
T00135,CF035,2025-05-06T04:00:00,A0098,A0102,75000,INR,UPI,L004,1
T00136,CF035,2025-12-22T00:21:00,A0045,A0082,5000,INR,Wallet,L005,0
T00137,CF007,2025-05-02T13:31:00,A0027,A0068,5000,INR,IMPS,L005,0
T00138,CF006,2025-04-29T16:26:00,A0006,A0118,45000,INR,UPI,L010,0
T00139,CF007,2025-11-23T12:04:00,A0065,A0018,5000,INR,IMPS,L004,0
T00140,CF019,2025-06-11T12:44:00,A0034,A0109,45000,INR,NEFT,L004,0
T00141,CF005,2025-10-27T03:09:00,A0026,A0018,7500,INR,Wallet,L006,0
T00142,CF027,2025-07-03T06:28:00,A0016,A0069,25000,INR,UPI,L002,0
T00143,CF011,2025-06-05T22:44:00,A0104,A0088,5000,INR,NEFT,L003,0
T00144,CF006,2025-07-02T12:32:00,A0092,A0032,5000,INR,NEFT,L003,0
T00145,CF002,2025-08-20T17:47:00,A0052,A0110,250000,INR,IMPS,L002,1
T00146,CF030,2025-03-13T03:00:00,A0014,A0103,5000,INR,IMPS,L003,0
T00147,CF013,2025-07-10T21:40:00,A0106,A0052,7500,INR,NEFT,L002,0
T00148,CF002,2025-11-27T14:51:00,A0009,A0026,12000,INR,NEFT,L002,1
T00149,CF003,2025-03-28T18:27:00,A0060,A0007,75000,INR,Wallet,L001,1
T00150,CF025,2025-03-30T11:13:00,A0088,A0055,12000,INR,Wallet,L003,0
T00151,CF003,2025-11-12T07:41:00,A0079,A0080,25000,INR,Wallet,L001,0
T00152,CF006,2025-03-12T13:12:00,A0036,A0050,250000,INR,IMPS,L009,1
T00153,CF002,2025-07-03T15:34:00,A0049,A0101,125000,INR,NEFT,L010,1
T00154,CF033,2025-05-19T05:01:00,A0042,A0050,45000,INR,UPI,L005,0
T00155,CF004,2025-09-29T11:49:00,A0104,A0061,18000,INR,UPI,L004,0
T00156,CF016,2025-01-29T07:36:00,A0035,A0069,75000,INR,NEFT,L003,1
T00157,CF012,2025-06-12T23:44:00,A0031,A0076,45000,INR,UPI,L006,0
T00158,CF037,2025-10-16T06:53:00,A0073,A0019,125000,INR,NEFT,L003,1
T00159,CF032,2025-01-29T07:38:00,A0005,A0012,18000,INR,Wallet,L001,1
T00160,CF022,2025-04-14T04:21:00,A0118,A0079,12000,INR,NEFT,L001,0
T00161,CF002,2025-12-27T04:49:00,A0019,A0076,7500,INR,NEFT,L002,0
T00162,CF024,2025-07-22T18:06:00,A0091,A0085,45000,INR,IMPS,L003,0
T00163,CF028,2025-09-07T20:20:00,A0102,A0082,12000,INR,NEFT,L004,0
T00164,CF038,2025-07-13T09:46:00,A0105,A0023,25000,INR,UPI,L010,0
T00165,CF026,2025-10-18T01:11:00,A0109,A0099,45000,INR,IMPS,L010,0
T00166,CF007,2025-03-14T10:47:00,A0120,A0064,7500,INR,NEFT,L003,0
T00167,CF006,2025-12-10T20:46:00,A0106,A0091,45000,INR,NEFT,L004,0
T00168,CF016,2025-06-29T08:50:00,A0089,A0009,7500,INR,UPI,L007,0
T00169,CF029,2025-03-27T13:31:00,A0094,A0054,75000,INR,NEFT,L009,1
T00170,CF025,2025-09-03T18:41:00,A0013,A0107,18000,INR,UPI,L001,0
T00171,CF019,2025-05-14T03:04:00,A0003,A0041,45000,INR,Wallet,L003,0
T00172,CF005,2025-02-17T10:38:00,A0071,A0115,125000,INR,UPI,L007,1
T00173,CF011,2025-08-11T05:03:00,A0078,A0114,7500,INR,IMPS,L007,0
T00174,CF036,2025-10-04T08:42:00,A0093,A0119,25000,INR,UPI,L001,0
T00175,CF026,2025-09-09T04:03:00,A0074,A0071,45000,INR,UPI,L005,1
T00176,CF039,2025-02-19T00:13:00,A0062,A0026,12000,INR,UPI,L008,0
T00177,CF008,2025-07-23T15:31:00,A0040,A0101,25000,INR,Wallet,L003,1
T00178,CF024,2025-07-09T05:28:00,A0114,A0049,5000,INR,Wallet,L005,0
T00179,CF015,2025-10-16T01:09:00,A0108,A0035,7500,INR,NEFT,L009,1
T00180,CF027,2025-04-27T17:03:00,A0097,A0076,75000,INR,Wallet,L009,1
T00181,CF031,2025-05-01T15:19:00,A0074,A0113,7500,INR,UPI,L009,0
T00182,CF037,2025-10-20T21:39:00,A0116,A0067,12000,INR,Wallet,L003,0
T00183,CF011,2025-04-09T04:02:00,A0028,A0104,75000,INR,UPI,L007,1
T00184,CF013,2025-03-17T19:16:00,A0106,A0081,45000,INR,UPI,L002,0
T00185,CF025,2025-10-10T10:54:00,A0072,A0051,25000,INR,UPI,L010,0
T00186,CF038,2025-08-03T03:26:00,A0067,A0101,12000,INR,UPI,L002,0
T00187,CF037,2025-05-27T17:56:00,A0100,A0013,45000,INR,NEFT,L007,0
T00188,CF032,2025-08-31T01:11:00,A0074,A0078,25000,INR,Wallet,L001,0
T00189,CF026,2025-06-19T22:15:00,A0114,A0113,5000,INR,NEFT,L006,0
T00190,CF002,2025-06-05T09:17:00,A0044,A0105,125000,INR,UPI,L004,1
T00191,CF009,2025-08-15T10:17:00,A0039,A0096,75000,INR,UPI,L004,1
T00192,CF029,2025-07-28T23:31:00,A0028,A0117,250000,INR,NEFT,L001,1
T00193,CF033,2025-02-03T09:45:00,A0102,A0021,250000,INR,Wallet,L003,1
T00194,CF034,2025-01-15T05:12:00,A0113,A0073,18000,INR,IMPS,L001,0
T00195,CF030,2025-07-04T22:12:00,A0007,A0118,25000,INR,Wallet,L009,0
T00196,CF026,2025-03-05T21:01:00,A0082,A0119,18000,INR,Wallet,L003,0
T00197,CF031,2025-06-29T11:10:00,A0076,A0071,25000,INR,UPI,L005,0
T00198,CF002,2025-03-25T18:49:00,A0050,A0007,18000,INR,IMPS,L004,0
T00199,CF018,2025-09-20T00:55:00,A0084,A0053,5000,INR,IMPS,L003,0
T00200,CF039,2025-04-25T08:38:00,A0103,A0002,25000,INR,NEFT,L007,0
T00201,CF025,2025-08-24T08:13:00,A0110,A0045,125000,INR,NEFT,L009,1
T00202,CF040,2025-02-22T00:32:00,A0051,A0075,45000,INR,NEFT,L005,0
T00203,CF007,2025-06-22T08:40:00,A0062,A0009,45000,INR,NEFT,L005,0
T00204,CF013,2025-05-04T01:51:00,A0020,A0067,75000,INR,NEFT,L003,1
T00205,CF002,2025-06-01T08:58:00,A0084,A0064,75000,INR,Wallet,L007,1
T00206,CF003,2025-10-20T06:21:00,A0075,A0091,18000,INR,Wallet,L006,0
T00207,CF033,2025-03-29T21:56:00,A0039,A0109,250000,INR,IMPS,L005,1
T00208,CF007,2025-05-13T23:51:00,A0061,A0017,250000,INR,IMPS,L006,1
T00209,CF006,2025-04-25T23:55:00,A0029,A0046,25000,INR,NEFT,L006,0
T00210,CF017,2025-08-26T03:30:00,A0075,A0038,5000,INR,UPI,L008,0
T00211,CF013,2025-12-15T12:33:00,A0065,A0016,25000,INR,IMPS,L003,0
T00212,CF013,2025-10-19T14:09:00,A0044,A0053,45000,INR,IMPS,L002,0
T00213,CF032,2025-04-01T10:40:00,A0043,A0081,5000,INR,NEFT,L004,1
T00214,CF011,2025-03-23T15:50:00,A0074,A0098,7500,INR,Wallet,L007,0
T00215,CF026,2025-07-16T00:02:00,A0055,A0062,250000,INR,IMPS,L006,1
T00216,CF001,2025-09-29T06:01:00,A0115,A0042,5000,INR,IMPS,L004,0
T00217,CF023,2025-02-22T12:32:00,A0040,A0017,25000,INR,UPI,L005,0
T00218,CF019,2025-09-24T19:33:00,A0059,A0094,45000,INR,IMPS,L006,0
T00219,CF032,2025-04-07T05:58:00,A0046,A0097,75000,INR,UPI,L004,1
T00220,CF015,2025-04-19T23:01:00,A0094,A0017,250000,INR,IMPS,L002,1
T00221,CF024,2025-01-20T12:56:00,A0092,A0084,25000,INR,UPI,L010,0
T00222,CF004,2025-12-01T00:03:00,A0085,A0014,7500,INR,Wallet,L002,0
T00223,CF036,2025-12-26T04:13:00,A0033,A0061,5000,INR,UPI,L009,0
T00224,CF018,2025-12-25T04:26:00,A0080,A0078,7500,INR,UPI,L005,0
T00225,CF008,2025-09-12T06:38:00,A0101,A0014,18000,INR,IMPS,L006,0
T00226,CF027,2025-01-21T17:31:00,A0038,A0021,18000,INR,Wallet,L006,0
T00227,CF016,2025-12-10T02:58:00,A0001,A0002,7500,INR,Wallet,L003,0
T00228,CF006,2025-02-08T23:46:00,A0100,A0066,7500,INR,IMPS,L008,0
T00229,CF019,2025-01-26T03:52:00,A0034,A0060,12000,INR,NEFT,L006,0
T00230,CF021,2025-03-01T03:54:00,A0055,A0095,5000,INR,IMPS,L003,1
T00231,CF022,2025-08-13T19:17:00,A0046,A0115,7500,INR,NEFT,L003,0
T00232,CF008,2025-05-20T12:44:00,A0052,A0059,125000,INR,Wallet,L003,1
T00233,CF008,2025-01-31T05:06:00,A0017,A0090,75000,INR,Wallet,L010,1
T00234,CF029,2025-07-14T11:39:00,A0024,A0079,5000,INR,IMPS,L008,0
T00235,CF032,2025-07-30T14:02:00,A0015,A0114,7500,INR,NEFT,L001,0
T00236,CF034,2025-10-23T23:36:00,A0099,A0096,18000,INR,NEFT,L009,0
T00237,CF034,2025-11-13T03:27:00,A0089,A0090,18000,INR,Wallet,L003,0
T00238,CF036,2025-01-28T00:41:00,A0115,A0079,12000,INR,Wallet,L008,0
T00239,CF011,2025-09-09T10:15:00,A0010,A0097,45000,INR,UPI,L009,0
T00240,CF015,2025-07-13T12:52:00,A0071,A0083,18000,INR,Wallet,L010,1
T00241,CF029,2025-09-13T14:20:00,A0012,A0110,7500,INR,UPI,L002,0
T00242,CF026,2025-10-13T17:00:00,A0053,A0005,7500,INR,NEFT,L009,0
T00243,CF036,2025-12-10T14:21:00,A0027,A0084,45000,INR,IMPS,L008,0
T00244,CF022,2025-11-14T19:30:00,A0072,A0099,45000,INR,UPI,L002,0
T00245,CF015,2025-07-01T20:51:00,A0001,A0044,25000,INR,NEFT,L002,0
T00246,CF003,2025-09-10T04:52:00,A0115,A0022,75000,INR,UPI,L005,1
T00247,CF040,2025-03-03T12:13:00,A0026,A0025,125000,INR,IMPS,L006,1
T00248,CF007,2025-01-24T20:53:00,A0097,A0054,7500,INR,Wallet,L008,0
T00249,CF038,2025-09-13T00:33:00,A0065,A0018,5000,INR,Wallet,L010,0
T00250,CF031,2025-04-01T22:37:00,A0119,A0066,12000,INR,IMPS,L002,0
T00251,CF025,2025-11-07T10:32:00,A0085,A0077,75000,INR,Wallet,L010,1
T00252,CF016,2025-06-25T09:28:00,A0036,A0051,12000,INR,NEFT,L009,0
T00253,CF021,2025-10-11T20:13:00,A0092,A0095,18000,INR,NEFT,L006,0
T00254,CF009,2025-04-02T16:34:00,A0091,A0084,45000,INR,NEFT,L009,0
T00255,CF031,2025-12-08T22:26:00,A0075,A0074,250000,INR,NEFT,L007,1
T00256,CF001,2025-01-13T12:09:00,A0067,A0014,5000,INR,IMPS,L005,0
T00257,CF011,2025-05-09T04:53:00,A0037,A0088,5000,INR,NEFT,L004,0
T00258,CF035,2025-08-20T03:39:00,A0005,A0046,250000,INR,IMPS,L009,1
T00259,CF025,2025-12-23T09:44:00,A0031,A0066,5000,INR,Wallet,L007,0
T00260,CF021,2025-01-07T23:16:00,A0071,A0007,18000,INR,Wallet,L004,0
T00261,CF024,2025-10-07T23:38:00,A0097,A0076,18000,INR,IMPS,L005,0
T00262,CF029,2025-02-08T05:11:00,A0023,A0088,250000,INR,UPI,L007,1
T00263,CF003,2025-10-12T08:08:00,A0055,A0036,12000,INR,NEFT,L001,0
T00264,CF022,2025-03-21T01:09:00,A0060,A0091,45000,INR,NEFT,L008,0
T00265,CF037,2025-02-07T22:20:00,A0071,A0046,250000,INR,IMPS,L003,1
T00266,CF034,2025-09-16T05:26:00,A0009,A0101,250000,INR,Wallet,L002,1
T00267,CF023,2025-04-20T21:21:00,A0029,A0114,45000,INR,IMPS,L010,0
T00268,CF034,2025-11-29T00:07:00,A0061,A0072,45000,INR,IMPS,L001,0
T00269,CF021,2025-02-28T12:16:00,A0049,A0118,250000,INR,NEFT,L001,1
T00270,CF034,2025-07-11T16:51:00,A0106,A0099,250000,INR,Wallet,L008,1
T00271,CF003,2025-11-30T06:20:00,A0038,A0115,250000,INR,UPI,L002,1
T00272,CF011,2025-10-01T00:40:00,A0099,A0069,7500,INR,IMPS,L007,0
T00273,CF007,2025-12-26T23:49:00,A0027,A0069,75000,INR,UPI,L003,1
T00274,CF002,2025-06-19T01:05:00,A0059,A0092,7500,INR,NEFT,L009,1
T00275,CF005,2025-04-27T08:26:00,A0074,A0106,75000,INR,Wallet,L007,1
T00276,CF028,2025-07-19T21:07:00,A0041,A0003,250000,INR,UPI,L010,1
T00277,CF005,2025-10-27T01:44:00,A0097,A0096,7500,INR,UPI,L005,0
T00278,CF020,2025-05-25T14:24:00,A0078,A0012,75000,INR,UPI,L008,1
T00279,CF011,2025-03-11T23:25:00,A0069,A0029,250000,INR,NEFT,L003,1
T00280,CF020,2025-11-28T11:00:00,A0087,A0114,250000,INR,IMPS,L002,1
T00281,CF003,2025-11-02T12:34:00,A0001,A0074,250000,INR,UPI,L005,1
T00282,CF014,2025-06-26T06:26:00,A0096,A0095,250000,INR,IMPS,L003,1
T00283,CF012,2025-05-10T06:07:00,A0029,A0079,12000,INR,UPI,L009,0
T00284,CF030,2025-02-07T09:42:00,A0083,A0071,7500,INR,IMPS,L010,0
T00285,CF032,2025-03-07T21:41:00,A0043,A0046,18000,INR,UPI,L004,1
T00286,CF021,2025-06-18T19:42:00,A0063,A0058,25000,INR,IMPS,L010,0
T00287,CF037,2025-06-11T13:10:00,A0047,A0104,5000,INR,IMPS,L007,0
T00288,CF018,2025-03-10T21:46:00,A0108,A0047,45000,INR,Wallet,L008,0
T00289,CF023,2025-09-07T17:06:00,A0100,A0040,12000,INR,UPI,L005,0
T00290,CF009,2025-04-11T08:46:00,A0115,A0069,7500,INR,UPI,L009,0
T00291,CF002,2025-10-24T12:49:00,A0105,A0075,18000,INR,NEFT,L009,0
T00292,CF035,2025-03-18T11:25:00,A0061,A0084,18000,INR,NEFT,L003,0
T00293,CF030,2025-02-16T12:23:00,A0065,A0066,250000,INR,UPI,L004,1
T00294,CF040,2025-09-21T04:28:00,A0088,A0022,12000,INR,IMPS,L008,0
T00295,CF023,2025-09-07T07:04:00,A0006,A0029,25000,INR,UPI,L004,0
T00296,CF034,2025-07-04T12:30:00,A0117,A0102,125000,INR,UPI,L001,1
T00297,CF021,2025-09-24T20:53:00,A0014,A0091,25000,INR,NEFT,L010,0
T00298,CF035,2025-07-12T20:24:00,A0073,A0023,45000,INR,UPI,L009,0
T00299,CF017,2025-04-25T16:25:00,A0049,A0117,45000,INR,NEFT,L008,0
T00300,CF031,2025-01-04T16:56:00,A0114,A0078,12000,INR,IMPS,L002,0
T00301,CF033,2025-04-19T04:11:00,A0083,A0036,12000,INR,UPI,L004,0
T00302,CF027,2025-02-28T15:43:00,A0104,A0043,125000,INR,Wallet,L004,1
T00303,CF038,2025-07-30T00:15:00,A0021,A0083,5000,INR,IMPS,L003,0
T00304,CF033,2025-10-21T04:03:00,A0006,A0115,12000,INR,IMPS,L009,0
T00305,CF026,2025-11-23T00:56:00,A0077,A0073,25000,INR,IMPS,L008,0
T00306,CF039,2025-09-04T05:14:00,A0061,A0112,75000,INR,IMPS,L010,1
T00307,CF012,2025-09-19T08:10:00,A0080,A0085,45000,INR,UPI,L004,0
T00308,CF025,2025-02-25T00:12:00,A0050,A0017,250000,INR,Wallet,L003,1
T00309,CF039,2025-09-01T19:38:00,A0013,A0023,5000,INR,UPI,L002,0
T00310,CF031,2025-11-05T17:52:00,A0085,A0017,5000,INR,Wallet,L009,0
T00311,CF027,2025-01-23T22:33:00,A0048,A0112,75000,INR,IMPS,L008,1
T00312,CF025,2025-12-23T18:06:00,A0045,A0076,75000,INR,IMPS,L005,1
T00313,CF031,2025-02-12T09:38:00,A0099,A0030,250000,INR,Wallet,L005,1
T00314,CF013,2025-01-04T18:33:00,A0001,A0091,7500,INR,Wallet,L004,0
T00315,CF021,2025-02-24T04:27:00,A0053,A0047,25000,INR,Wallet,L010,0
T00316,CF024,2025-12-15T12:48:00,A0079,A0036,18000,INR,Wallet,L003,0
T00317,CF024,2025-05-10T09:36:00,A0072,A0062,45000,INR,Wallet,L003,0
T00318,CF008,2025-08-17T22:10:00,A0096,A0030,7500,INR,Wallet,L006,0
T00319,CF036,2025-12-17T22:03:00,A0079,A0090,12000,INR,UPI,L002,0
T00320,CF010,2025-11-04T13:05:00,A0061,A0119,7500,INR,NEFT,L002,0
T00321,CF039,2025-07-16T12:39:00,A0005,A0093,250000,INR,NEFT,L010,1
T00322,CF004,2025-03-31T20:31:00,A0100,A0105,125000,INR,UPI,L004,1
T00323,CF034,2025-01-18T19:32:00,A0037,A0025,250000,INR,IMPS,L010,1
T00324,CF011,2025-07-04T07:41:00,A0087,A0005,5000,INR,UPI,L005,0
T00325,CF026,2025-07-22T12:37:00,A0046,A0086,18000,INR,UPI,L002,0
T00326,CF036,2025-10-14T18:22:00,A0037,A0093,45000,INR,NEFT,L004,0
T00327,CF039,2025-07-26T18:00:00,A0025,A0059,25000,INR,UPI,L009,0
T00328,CF005,2025-06-24T03:51:00,A0065,A0038,250000,INR,NEFT,L009,1
T00329,CF037,2025-08-15T12:36:00,A0033,A0089,125000,INR,IMPS,L006,1
T00330,CF030,2025-10-28T00:30:00,A0088,A0059,7500,INR,Wallet,L004,0
T00331,CF015,2025-07-31T11:33:00,A0103,A0041,250000,INR,UPI,L005,1
T00332,CF016,2025-07-24T21:47:00,A0037,A0012,45000,INR,IMPS,L008,1
T00333,CF021,2025-10-21T08:11:00,A0046,A0028,18000,INR,IMPS,L004,0
T00334,CF016,2025-04-16T07:12:00,A0112,A0034,18000,INR,NEFT,L003,0
T00335,CF007,2025-02-10T21:42:00,A0016,A0118,125000,INR,UPI,L009,1
T00336,CF003,2025-07-10T19:20:00,A0109,A0062,125000,INR,NEFT,L008,1
T00337,CF012,2025-09-19T08:25:00,A0098,A0118,18000,INR,IMPS,L001,0
T00338,CF034,2025-09-02T17:02:00,A0103,A0055,250000,INR,NEFT,L007,1
T00339,CF012,2025-12-24T16:29:00,A0059,A0016,45000,INR,UPI,L004,0
T00340,CF025,2025-06-16T11:39:00,A0075,A0013,25000,INR,NEFT,L004,0
T00341,CF018,2025-06-25T11:11:00,A0061,A0079,125000,INR,Wallet,L004,1
T00342,CF027,2025-07-10T11:54:00,A0090,A0097,75000,INR,NEFT,L008,1
T00343,CF012,2025-10-22T21:14:00,A0074,A0017,7500,INR,IMPS,L009,0
T00344,CF028,2025-04-11T04:51:00,A0110,A0049,12000,INR,UPI,L003,0
T00345,CF027,2025-11-19T16:34:00,A0064,A0018,45000,INR,NEFT,L005,0
T00346,CF036,2025-01-25T12:06:00,A0110,A0073,12000,INR,NEFT,L008,1
T00347,CF007,2025-06-21T08:23:00,A0058,A0096,45000,INR,NEFT,L006,0
T00348,CF002,2025-06-29T21:38:00,A0053,A0016,18000,INR,IMPS,L005,0
T00349,CF023,2025-09-19T15:49:00,A0042,A0087,125000,INR,UPI,L007,1
T00350,CF040,2025-11-20T04:55:00,A0037,A0060,12000,INR,NEFT,L007,0
T00351,CF040,2025-02-06T02:10:00,A0074,A0052,45000,INR,NEFT,L005,0
T00352,CF018,2025-07-22T08:56:00,A0078,A0083,125000,INR,NEFT,L010,1
T00353,CF034,2025-03-27T05:54:00,A0058,A0053,5000,INR,IMPS,L005,0
T00354,CF006,2025-07-23T03:06:00,A0027,A0022,7500,INR,Wallet,L009,0
T00355,CF004,2025-07-23T16:48:00,A0004,A0099,7500,INR,IMPS,L002,1
T00356,CF025,2025-05-07T23:18:00,A0040,A0030,125000,INR,IMPS,L003,1
T00357,CF034,2025-01-15T01:42:00,A0108,A0022,45000,INR,NEFT,L008,0
T00358,CF030,2025-05-20T17:28:00,A0112,A0070,12000,INR,IMPS,L010,0
T00359,CF039,2025-11-22T18:27:00,A0059,A0081,250000,INR,NEFT,L006,1
T00360,CF031,2025-02-15T14:19:00,A0070,A0030,45000,INR,IMPS,L005,0
T00361,CF001,2025-03-11T11:18:00,A0001,A0067,125000,INR,UPI,L008,1
T00362,CF031,2025-08-09T09:38:00,A0039,A0002,18000,INR,NEFT,L004,0
T00363,CF027,2025-08-12T12:15:00,A0113,A0072,12000,INR,Wallet,L007,0
T00364,CF015,2025-08-05T20:15:00,A0034,A0011,250000,INR,NEFT,L005,1
T00365,CF035,2025-07-31T06:54:00,A0104,A0035,7500,INR,NEFT,L002,0
T00366,CF030,2025-05-20T22:39:00,A0080,A0058,125000,INR,IMPS,L006,1
T00367,CF002,2025-10-01T00:11:00,A0020,A0007,7500,INR,IMPS,L008,0
T00368,CF001,2025-03-19T00:31:00,A0030,A0012,18000,INR,NEFT,L008,0
T00369,CF024,2025-01-17T10:05:00,A0060,A0090,12000,INR,Wallet,L002,1
T00370,CF035,2025-04-09T08:52:00,A0061,A0024,75000,INR,UPI,L002,1
T00371,CF016,2025-08-15T07:47:00,A0050,A0099,5000,INR,UPI,L009,0
T00372,CF014,2025-12-15T09:59:00,A0061,A0050,45000,INR,UPI,L009,0
T00373,CF034,2025-09-04T20:19:00,A0016,A0033,18000,INR,UPI,L004,0
T00374,CF008,2025-08-11T10:00:00,A0031,A0082,12000,INR,UPI,L007,0
T00375,CF016,2025-10-25T22:30:00,A0002,A0006,12000,INR,UPI,L004,0
T00376,CF011,2025-12-18T19:21:00,A0064,A0012,5000,INR,IMPS,L009,1
T00377,CF007,2025-04-30T10:35:00,A0017,A0063,45000,INR,Wallet,L004,0
T00378,CF002,2025-07-03T23:08:00,A0089,A0049,25000,INR,Wallet,L008,0
T00379,CF036,2025-12-23T15:12:00,A0038,A0070,12000,INR,NEFT,L008,0
T00380,CF018,2025-11-03T17:10:00,A0112,A0107,7500,INR,Wallet,L005,0
T00381,CF017,2025-08-21T00:49:00,A0070,A0047,250000,INR,Wallet,L003,1
T00382,CF002,2025-07-06T19:15:00,A0080,A0110,45000,INR,Wallet,L004,0
T00383,CF034,2025-10-10T04:39:00,A0088,A0064,25000,INR,NEFT,L002,0
T00384,CF007,2025-02-04T01:53:00,A0067,A0085,12000,INR,UPI,L004,0
T00385,CF007,2025-02-20T01:36:00,A0063,A0025,75000,INR,Wallet,L009,1
T00386,CF040,2025-05-12T01:23:00,A0090,A0076,18000,INR,UPI,L001,0
T00387,CF014,2025-02-10T14:51:00,A0084,A0063,5000,INR,Wallet,L006,0
T00388,CF004,2025-05-17T16:02:00,A0106,A0079,7500,INR,UPI,L004,0
T00389,CF034,2025-04-29T17:24:00,A0013,A0093,18000,INR,IMPS,L010,0
T00390,CF012,2025-10-13T13:47:00,A0072,A0096,7500,INR,NEFT,L008,0
T00391,CF028,2025-03-27T05:35:00,A0114,A0014,75000,INR,NEFT,L003,1
T00392,CF035,2025-06-30T10:35:00,A0077,A0057,45000,INR,Wallet,L007,0
T00393,CF021,2025-10-16T17:13:00,A0078,A0031,75000,INR,NEFT,L006,1
T00394,CF029,2025-01-01T23:02:00,A0058,A0051,25000,INR,IMPS,L005,0
T00395,CF001,2025-04-20T10:01:00,A0039,A0029,25000,INR,IMPS,L002,0
T00396,CF003,2025-03-21T04:16:00,A0059,A0046,45000,INR,IMPS,L004,0
T00397,CF017,2025-02-17T18:25:00,A0104,A0039,18000,INR,NEFT,L008,0
T00398,CF012,2025-12-20T22:36:00,A0063,A0106,7500,INR,NEFT,L001,0
T00399,CF037,2025-01-29T10:22:00,A0049,A0011,75000,INR,Wallet,L002,1
T00400,CF015,2025-11-05T00:40:00,A0096,A0084,75000,INR,UPI,L005,1
T00401,CF034,2025-10-04T18:09:00,A0006,A0041,45000,INR,IMPS,L003,0
T00402,CF004,2025-07-21T14:48:00,A0087,A0094,250000,INR,UPI,L004,1
T00403,CF028,2025-07-21T04:08:00,A0038,A0101,45000,INR,UPI,L009,1
T00404,CF026,2025-07-24T16:27:00,A0034,A0011,12000,INR,Wallet,L009,0
T00405,CF013,2025-11-30T18:12:00,A0063,A0051,250000,INR,IMPS,L004,1
T00406,CF005,2025-08-09T10:43:00,A0035,A0100,7500,INR,Wallet,L007,1
T00407,CF024,2025-06-14T11:38:00,A0045,A0025,5000,INR,IMPS,L006,0
T00408,CF040,2025-08-15T19:09:00,A0106,A0103,125000,INR,UPI,L004,1
T00409,CF013,2025-03-21T23:54:00,A0088,A0048,7500,INR,UPI,L004,1
T00410,CF040,2025-05-28T00:21:00,A0119,A0019,7500,INR,Wallet,L001,0
T00411,CF022,2025-10-03T06:13:00,A0027,A0095,250000,INR,NEFT,L009,1
T00412,CF031,2025-03-14T22:44:00,A0080,A0094,5000,INR,UPI,L005,0
T00413,CF011,2025-04-13T22:39:00,A0008,A0037,25000,INR,UPI,L002,1
T00414,CF025,2025-12-06T21:23:00,A0085,A0035,7500,INR,Wallet,L004,1
T00415,CF025,2025-02-20T10:31:00,A0066,A0091,250000,INR,UPI,L003,1
T00416,CF013,2025-10-15T22:01:00,A0065,A0059,5000,INR,NEFT,L006,0
T00417,CF032,2025-03-22T00:22:00,A0051,A0096,45000,INR,NEFT,L004,0
T00418,CF033,2025-02-01T20:16:00,A0036,A0104,75000,INR,UPI,L009,1
T00419,CF018,2025-06-24T12:42:00,A0029,A0020,12000,INR,Wallet,L009,1
T00420,CF040,2025-12-18T07:26:00,A0112,A0081,18000,INR,Wallet,L005,0
T00421,CF039,2025-10-05T04:13:00,A0043,A0058,12000,INR,IMPS,L003,0
T00422,CF020,2025-09-26T04:27:00,A0089,A0091,12000,INR,IMPS,L006,0
T00423,CF005,2025-03-02T05:20:00,A0072,A0069,12000,INR,NEFT,L007,0
T00424,CF027,2025-11-23T23:17:00,A0039,A0057,12000,INR,UPI,L003,0
T00425,CF012,2025-11-10T19:17:00,A0004,A0098,18000,INR,IMPS,L001,0
T00426,CF023,2025-09-02T04:32:00,A0011,A0089,125000,INR,NEFT,L003,1
T00427,CF025,2025-03-12T05:12:00,A0063,A0061,18000,INR,UPI,L005,1
T00428,CF027,2025-12-10T06:48:00,A0029,A0096,18000,INR,Wallet,L010,1
T00429,CF032,2025-08-23T07:27:00,A0089,A0042,75000,INR,UPI,L010,1
T00430,CF025,2025-07-21T19:47:00,A0093,A0041,250000,INR,UPI,L009,1
T00431,CF007,2025-01-22T07:33:00,A0058,A0059,250000,INR,Wallet,L001,1
T00432,CF036,2025-11-19T01:12:00,A0050,A0067,25000,INR,NEFT,L005,0
T00433,CF030,2025-05-31T19:58:00,A0022,A0055,5000,INR,IMPS,L008,0
T00434,CF029,2025-09-14T03:11:00,A0012,A0093,250000,INR,IMPS,L007,1
T00435,CF027,2025-01-13T05:29:00,A0042,A0058,18000,INR,UPI,L005,0
T00436,CF021,2025-12-31T05:45:00,A0089,A0084,7500,INR,Wallet,L006,1
T00437,CF006,2025-07-16T23:50:00,A0068,A0091,250000,INR,IMPS,L007,1
T00438,CF036,2025-03-29T10:36:00,A0049,A0006,12000,INR,IMPS,L003,0
T00439,CF004,2025-06-08T23:49:00,A0054,A0040,125000,INR,NEFT,L003,1
T00440,CF008,2025-04-14T00:39:00,A0116,A0017,25000,INR,Wallet,L008,1
T00441,CF035,2025-11-08T15:15:00,A0104,A0001,18000,INR,Wallet,L008,0
T00442,CF027,2025-11-04T19:00:00,A0057,A0011,18000,INR,NEFT,L010,0
T00443,CF036,2025-04-17T01:11:00,A0105,A0106,12000,INR,NEFT,L001,1
T00444,CF010,2025-12-08T18:53:00,A0110,A0005,25000,INR,UPI,L001,0
T00445,CF007,2025-03-24T21:18:00,A0054,A0023,250000,INR,IMPS,L008,1
T00446,CF038,2025-01-19T02:49:00,A0047,A0120,25000,INR,Wallet,L002,0
T00447,CF028,2025-02-03T09:30:00,A0108,A0071,12000,INR,NEFT,L006,0
T00448,CF034,2025-04-18T22:13:00,A0053,A0068,5000,INR,UPI,L008,1
T00449,CF039,2025-12-28T09:27:00,A0120,A0101,45000,INR,NEFT,L003,0
T00450,CF040,2025-09-24T23:40:00,A0073,A0064,125000,INR,Wallet,L003,1
T00451,CF040,2025-05-29T06:00:00,A0030,A0091,7500,INR,UPI,L004,1
T00452,CF040,2025-01-24T10:22:00,A0054,A0053,250000,INR,IMPS,L001,1
T00453,CF013,2025-05-11T02:19:00,A0089,A0037,25000,INR,NEFT,L001,0
T00454,CF008,2025-06-24T12:46:00,A0088,A0043,5000,INR,IMPS,L006,0
T00455,CF022,2025-09-03T15:51:00,A0119,A0087,5000,INR,Wallet,L003,0
T00456,CF030,2025-10-02T10:29:00,A0115,A0111,75000,INR,UPI,L009,1
T00457,CF020,2025-12-14T10:35:00,A0073,A0093,250000,INR,UPI,L004,1
T00458,CF037,2025-07-01T02:09:00,A0088,A0043,25000,INR,NEFT,L007,0
T00459,CF035,2025-10-20T19:24:00,A0108,A0022,12000,INR,NEFT,L006,0
T00460,CF003,2025-02-14T15:56:00,A0035,A0053,18000,INR,NEFT,L004,0
T00461,CF034,2025-02-27T11:50:00,A0039,A0023,5000,INR,UPI,L008,0
T00462,CF033,2025-09-05T16:09:00,A0004,A0103,18000,INR,Wallet,L009,0
T00463,CF020,2025-03-15T03:52:00,A0100,A0042,250000,INR,IMPS,L004,1
T00464,CF003,2025-09-25T03:00:00,A0059,A0050,25000,INR,UPI,L006,0
T00465,CF030,2025-02-22T16:49:00,A0114,A0006,25000,INR,NEFT,L004,1
T00466,CF021,2025-05-27T08:34:00,A0026,A0025,45000,INR,UPI,L005,0
T00467,CF010,2025-02-28T00:39:00,A0021,A0036,250000,INR,UPI,L004,1
T00468,CF035,2025-06-13T08:09:00,A0045,A0071,25000,INR,IMPS,L002,0
T00469,CF020,2025-06-23T17:28:00,A0079,A0115,5000,INR,Wallet,L001,0
T00470,CF007,2025-02-14T13:25:00,A0050,A0007,12000,INR,Wallet,L010,0
T00471,CF023,2025-04-12T22:48:00,A0040,A0043,250000,INR,UPI,L008,1
T00472,CF037,2025-12-24T14:06:00,A0017,A0012,125000,INR,NEFT,L008,1
T00473,CF031,2025-03-15T19:16:00,A0030,A0029,45000,INR,NEFT,L006,0
T00474,CF030,2025-02-03T15:07:00,A0063,A0004,45000,INR,IMPS,L005,0
T00475,CF023,2025-03-07T16:06:00,A0078,A0074,75000,INR,UPI,L006,1
T00476,CF036,2025-06-04T17:29:00,A0084,A0010,75000,INR,Wallet,L004,1
T00477,CF040,2025-03-23T15:24:00,A0032,A0071,7500,INR,Wallet,L007,0
T00478,CF037,2025-10-06T22:15:00,A0101,A0044,12000,INR,UPI,L010,0
T00479,CF032,2025-11-02T14:20:00,A0015,A0076,250000,INR,UPI,L008,1
T00480,CF012,2025-02-05T19:06:00,A0040,A0052,75000,INR,NEFT,L008,1
T00481,CF004,2025-03-13T18:57:00,A0012,A0028,5000,INR,IMPS,L008,0
T00482,CF035,2025-11-12T18:28:00,A0038,A0050,18000,INR,NEFT,L005,0
T00483,CF037,2025-12-14T09:58:00,A0102,A0117,75000,INR,NEFT,L002,1
T00484,CF038,2025-09-19T12:54:00,A0002,A0079,12000,INR,UPI,L006,0
T00485,CF036,2025-12-27T17:52:00,A0007,A0001,45000,INR,NEFT,L001,1
T00486,CF016,2025-10-30T12:40:00,A0056,A0090,45000,INR,Wallet,L007,0
T00487,CF028,2025-12-06T05:30:00,A0070,A0028,12000,INR,Wallet,L006,0
T00488,CF027,2025-12-10T04:08:00,A0020,A0037,5000,INR,UPI,L003,1
T00489,CF032,2025-03-11T02:08:00,A0085,A0056,75000,INR,Wallet,L010,1
T00490,CF028,2025-08-21T16:27:00,A0080,A0024,250000,INR,Wallet,L007,1
T00491,CF023,2025-08-06T19:00:00,A0029,A0024,125000,INR,IMPS,L009,1
T00492,CF018,2025-10-07T18:23:00,A0053,A0119,5000,INR,Wallet,L006,0
T00493,CF008,2025-12-20T02:09:00,A0075,A0062,250000,INR,NEFT,L008,1
T00494,CF034,2025-11-09T02:15:00,A0011,A0067,125000,INR,UPI,L009,1
T00495,CF038,2025-01-28T10:34:00,A0040,A0079,5000,INR,Wallet,L010,0
T00496,CF022,2025-05-31T09:10:00,A0054,A0046,5000,INR,NEFT,L010,0
T00497,CF017,2025-08-31T18:10:00,A0008,A0081,5000,INR,NEFT,L010,0
T00498,CF002,2025-02-12T04:32:00,A0037,A0063,7500,INR,NEFT,L005,0
T00499,CF009,2025-05-21T08:00:00,A0079,A0036,7500,INR,IMPS,L008,0
T00500,CF024,2025-05-14T22:15:00,A0104,A0023,125000,INR,IMPS,L009,1
T00501,CF002,2025-01-03T15:00:00,A0049,A0106,75000,INR,UPI,L002,1
T00502,CF002,2025-01-03T12:00:00,A0106,A0077,120000,INR,UPI,L002,1
T00503,CF002,2025-01-03T10:00:00,A0077,A0049,45000,INR,UPI,L002,1
T00504,CF005,2025-01-06T10:00:00,A0057,A0002,75000,INR,UPI,L005,1
T00505,CF005,2025-01-06T15:00:00,A0002,A0029,45000,INR,UPI,L005,1
T00506,CF005,2025-01-06T11:00:00,A0029,A0057,120000,INR,UPI,L005,1
